"dist_id","dist_name","dist_code","state_id","is_active","lang_id","old_dist_code","old_dist_name","ro_id"
129,JUNAGARH,"28",6,true,99,,,2
453,SORENG (WEST SIKKIM),"01",21,true,108,,WEST SIKKIM,8
454,MANGAN (NORTH SIKKIM),"02",21,true,108,,NORTH SIKKIM,8
602,NORTH WEST DELHI (MUNGESHPUR),"01",29,true,100,,NORTH WEST DELHI,7
1124,NVS,"1",36,true,,,,
173,RAJOURI,"05",9,true,100,,,6
174,UDHAMPUR,"06",9,true,100,,,6
175,ANANTNAG,"07",9,true,100,,,6
176,GANDERBAL,"08",9,true,100,,,6
177,BUDGAM,"09",9,true,100,,,6
178,KATHUA,"10",9,true,100,,,6
179,POONCH,"11",9,true,100,,,6
180,JAMMU-I,"12",9,true,100,,,6
181,SAMBA,"13",9,true,100,,,6
182,KULGAM,"14",9,true,100,,,6
183,REASI,"15",9,true,100,,,6
184,JAMMU-II,"16",9,true,100,,,6
185,RAMBAN,"17",9,true,100,,,6
186,KISHTWAR,"18",9,true,100,,,6
187,PULWAMA,"19",9,true,100,,,6
188,BANDIPORA,"20",9,true,100,,,6
2,ANNAMAYYA (CHITTOOR),"02",1,true,115,,CHITTOOR,3
17,NAMSAI (LOHIT),"02",2,true,100,,LOHIT,8
157,CHAMBA,"01",8,true,100,,,6
189,BANGALORE RURAL,"01",10,true,101,,,3
220,ERNAKULAM,"01",11,true,105,,,3
234,BHIND,"01",12,true,100,,,9
288,AMRAVATI,"01",13,true,107,,,4
333,EAST GARO HILLS,"01",15,true,100,,,8
353,KOHIMA,"01",17,true,100,,,8
364,CUTTACK,"01",18,true,109,,,10
395,MUKTSAR,"01",19,true,110,,,6
418,BANSWARA-I,"01",20,true,100,,,7
457,BOKARO,"01",22,true,100,,,1
483,KHOWAI,"01",23,true,96,,,8
491,BAREILLY,"01",24,true,100,,,5
598,CHANDIGARH,"01",27,true,100,,,6
599,SILVASA,"01",28,true,99,,,2
608,KARAIKAL,"01",31,true,114,,,3
612,U S NAGAR,"01",32,true,100,,,5
625,DARJEELING,"01",33,true,96,,,1
652,LEH,"01",35,true,100,,,6
62,AURANGABAD,"02",4,true,100,,,1
101,NORTH GOA,"02",5,true,100,,,4
103,KHEDA,"02",6,true,99,,,2
137,HISSAR,"02",7,true,100,,,7
158,MANDI,"02",8,true,100,,,6
190,CHIKMAGALUR,"02",10,true,101,,,3
221,IDUKKI,"02",11,true,105,,,3
235,BETUL,"02",12,true,100,,,9
289,BULDANA,"02",13,true,107,,,4
323,BISHNUPUR,"02",14,true,106,,,8
334,SOUTH GARO HILLS,"02",15,true,100,,,8
346,SIAHA,"02",16,true,100,,,8
354,WOKHA,"02",17,true,100,,,8
365,DHENKANAL,"02",18,true,109,,,10
396,FATEHGARH SAHIB,"02",19,true,110,,,6
419,CHURU,"02",20,true,100,,,7
458,DEOGHAR,"02",22,true,100,,,1
484,DHALAI,"02",23,true,96,,,8
492,BULANDSHAHR,"02",24,true,100,,,5
568,DANTEWADA,"02",25,true,100,,,10
596,NORTH & MIDDLE ANDAMAN,"02",26,true,100,,,3
600,DAMAN,"02",28,true,99,,,2
609,PUDUCHERRY,"02",31,true,114,,,3
613,RUDRAPRAYAG,"02",32,true,100,,,5
626,MURSHIDABAD,"02",33,true,96,,,1
653,KARGIL,"02",35,true,100,,,6
607,LAKSHADWEEP (MINICOY),"01",30,true,105,,MINICOY,3
18,LONGDING,"03",2,true,100,,,8
35,KAMRUP,"03",3,true,95,,,8
63,BANKA,"03",4,true,100,,,1
104,BHARUCH,"03",6,true,99,,,2
138,JIND,"03",7,true,100,,,7
159,SHIMLA,"03",8,true,100,,,6
191,CHIKKABALLAPURA,"03",10,true,101,,,3
222,KASARAGOD,"03",11,true,105,,,3
236,BALAGHAT,"03",12,true,100,,,9
290,GADCHIROLI,"03",13,true,107,,,4
324,CHURACHANDPUR,"03",14,true,106,,,8
335,RI-BHOI,"03",15,true,100,,,8
347,CHAMPHAI,"03",16,true,100,,,8
355,PHEK,"03",17,true,100,,,8
366,KEONJHAR,"03",18,true,109,,,10
397,SANGRUR,"03",19,true,110,,,6
459,DUMKA,"03",22,true,100,,,1
485,GOMTI TRIPURA,"03",23,true,96,,,8
569,DURG,"03",25,true,100,,,10
595,NICOBAR,"01",26,true,100,,CAR NICOBAR,3
310,CHHATRAPATI SAMBHAJINAGAR (AURANGABAD),"23",13,true,107,,AURANGABAD,4
507,PRAYAGRAJ (ALLAHABAD),"17",24,true,100,,PRAYAGRAJ,5
649,KAMAREDDY (NIZAMABAD),"07",34,true,115,"",NIZAMABAD,3
646,NAGARKURNOOL (MAHABUBNAGAR),"04",34,true,115,"",MAHABUBNAGAR,3
1076,NIZAMABAD (NEW),"14",34,true,115,"",NIZAMABAD,3
1070,MAHABUBNAGAR (NEW),"12",34,true,115,"",MAHABUBNAGAR,3
14,ELURU (WEST GODAVARI),"14",1,true,115,,WEST GODAVARI,3
202,VIJAYAPURA (BIJAPUR),"14",10,true,101,,BIJAPUR,3
60,BISWANATH (SONITPUR OLD),"28",3,true,95,,BISWANATH,8
217,BENGALURU SOUTH (RAMNAGARA),"29",10,true,101,,RAMNAGARA,3
243,DHAR,"10",12,true,100,,,9
297,JALGAON,"10",13,true,107,,,4
597,SOUTH ANDAMAN,"03",26,true,100,,,3
601,DIU,"03",28,true,99,,,2
604,EAST DELHI,"03",29,true,100,,,7
610,MAHE,"03",31,true,105,,,3
614,UTTARKASHI,"03",32,true,100,,,5
627,NORTH 24 PARGANA,"03",33,true,96,,,1
19,EAST KAMENG,"04",2,true,100,,,8
36,NALBARI,"04",3,true,95,,,8
64,BEGUSARAI,"04",4,true,100,,,1
105,TAPI,"04",6,true,99,,,2
139,FARIDABAD,"04",7,true,100,,,7
160,SIRMOUR,"04",8,true,100,,,6
192,MANDYA,"04",10,true,101,,,3
223,PATHANAMTHITTA,"04",11,true,105,,,3
420,JAIPUR,"03",20,true,100,,KOTPUTLI-BEHROR,7
647,SIDDIPET (MEDAK),"05",34,true,100,,MEDAK,3
294,DHARASHIV (OSMANABAD),"07",13,true,100,,OSMANABAD,4
4,PALNADU (GUNTUR),"04",1,true,115,,GUNTUR,3
237,BHOPAL,"04",12,true,100,,,9
291,LATUR,"04",13,true,107,,,4
325,SENAPATI-I,"04",14,true,106,,,8
336,WEST JAINTIA HILLS,"04",15,true,100,,,8
348,LAWNGTALAI,"04",16,true,100,,,8
356,TUENSANG,"04",17,true,100,,,8
643,KUMURAM BHEEM ASIFABAD (ADILABAD),"01",34,true,115,,ADILABAD,3
34,SONITPUR (New),"02",3,true,95,,SONITPUR,8
3,KAKINADA (EAST GODAVARI-I),"03",1,true,115,,EAST GODAVARI-I,3
455,NAMCHI (SOUTH SIKKIM),"03",21,true,108,,SOUTH SIKKIM,8
493,AYODHYA (FAIZABAD),"03",24,true,100,,FAIZABAD,5
494,GORAKHPUR,"04",24,true,100,,,5
570,RAIGARH,"04",25,true,100,,,10
605,SHAHDARA,"04",29,true,100,,,7
611,YANAM,"04",31,true,115,,,3
615,HARIDWAR,"04",32,true,100,,,5
5,ANNAMAYYA (KADAPA),"05",1,true,115,,,3
37,SIBASAGAR,"05",3,true,95,,,8
65,BHAGALPUR,"05",4,true,100,,,1
106,KUTCH,"05",6,true,99,,,2
140,SONEPAT,"05",7,true,100,,,7
161,KANGRA,"05",8,true,100,,,6
193,KOPPAL,"05",10,true,101,,,3
224,KANNUR,"05",11,true,105,,,3
238,CHHATARPUR,"05",12,true,100,,,9
292,NAGPUR,"05",13,true,107,,,4
326,IMPHAL WEST,"05",14,true,106,,,8
337,WEST KHASI HILLS,"05",15,true,100,,,8
349,KOLASIB,"05",16,true,100,,,8
357,MOKOKCHUNG,"05",17,true,100,,,8
368,PHULBANI,"05",18,true,109,,,10
399,AMRITSAR-I,"05",19,true,110,,,6
422,RAJSAMAND,"05",20,true,100,,,7
461,CHATRA,"05",22,true,100,,,1
487,SOUTH TRIPURA,"05",23,true,96,,,8
495,JAUNPUR,"05",24,true,100,,,5
571,RAIPUR,"05",25,true,100,,,10
606,NORTH DELHI,"05",29,true,100,,,7
616,ALMORA,"05",32,true,100,,,5
629,NADIA,"05",33,true,96,,,1
6,KRISHNA,"06",1,true,115,,,3
21,TAWANG,"06",2,true,100,,,8
38,CACHAR,"06",3,true,95,,,8
66,BHOJPUR,"06",4,true,100,,,1
107,JAMNAGAR,"06",6,true,99,,,2
141,SIRSA,"06",7,true,100,,,7
162,KINNAUR,"06",8,true,100,,,6
194,SHIMOGA,"06",10,true,101,,,3
225,KOTTAYAM,"06",11,true,105,,,3
239,CHHINDWARA,"06",12,true,100,,,9
293,NANDED,"06",13,true,107,,,4
327,CHANDEL,"06",14,true,106,,,8
338,SOUTH WEST GARO HILLS,"06",15,true,100,,,8
350,MAMIT,"06",16,true,100,,,8
358,MON,"06",17,true,100,,,8
369,BOLANGIR,"06",18,true,109,,,10
400,KAPURTHALA,"06",19,true,110,,,6
423,BHILWARA,"06",20,true,100,,,7
462,WEST SINGHBHUM,"06",22,true,100,,,1
488,SEPAHIJALA,"06",23,true,96,,,8
496,JHANSI,"06",24,true,100,,,5
572,RAJNANDGAON,"06",25,true,100,,,10
617,TEHRI GARHWAL,"06",32,true,100,,,5
630,EAST MEDINIPUR,"06",33,true,96,,,1
648,NALGONDA,"06",34,true,115,,,3
7,KURNOOL,"07",1,true,115,,,3
22,LOWER SUBANSIRI,"07",2,true,100,,,8
39,KOKRAJHAR,"07",3,true,95,,,8
67,BUXAR,"07",4,true,100,,,1
108,AMRELI,"07",6,true,99,,,2
142,KAITHAL,"07",7,true,100,,,7
163,UNA,"07",8,true,100,,,6
195,UTTARA KANNADA,"07",10,true,101,,,3
226,KOZHIKODE,"07",11,true,105,,,3
240,DAMOH,"07",12,true,100,,,9
328,UKHRUL I,"07",14,true,106,,,8
603,SOUTH WEST DELHI (JAFFARPUR KALAN),"02",29,true,100,,SOUTH WEST DELHI,7
16,LOWER DIBANG VALLEY,"01",2,true,100,,,8
61,ARARIA,"01",4,true,100,,,1
339,EAST KHASI HILLS -I,"07",15,true,100,,,8
351,AIZAWL,"07",16,true,100,,,8
359,KIPHIRE,"07",17,true,100,,,8
370,SAMBALPUR,"07",18,true,109,,,10
401,RUPNAGAR (ROPAR),"07",19,true,110,,,6
424,CHITTORGARH,"07",20,true,100,,,7
463,GARHWA,"07",22,true,100,,,1
489,WEST TRIPURA,"07",23,true,96,,,8
497,MEERUT,"07",24,true,100,,,5
573,SURAJPUR,"07",25,true,100,,,10
618,CHAMOLI,"07",32,true,100,,,5
631,BANKURA,"07",33,true,96,,,1
8,NELLORE,"08",1,true,115,,,3
23,CHANGLANG,"08",2,true,100,,,8
40,BARPETA,"08",3,true,95,,,8
68,KAIMUR,"08",4,true,100,,,1
109,RAJKOT,"08",6,true,99,,,2
143,BHIWANI,"08",7,true,100,,,7
196,HASSAN,"08",10,true,101,,,3
227,THRISSUR,"08",11,true,105,,,3
241,DEWAS,"08",12,true,100,,,9
295,AHMEDNAGAR,"08",13,true,107,,,4
340,EAST KHASI HILLS -II,"08",15,true,100,,,8
352,LUNGLEI,"08",16,true,100,,,8
360,DIMAPUR,"08",17,true,100,,,8
371,SUNDARGARH,"08",18,true,109,,,10
402,PATIALA,"08",19,true,110,,,6
425,JALORE,"08",20,true,100,,,7
464,GIRIDIH,"08",22,true,100,,,1
490,UNAKOTI,"08",23,true,96,,,8
498,RAEBARELI,"08",24,true,100,,,5
574,MAHASAMUND,"08",25,true,100,,,10
619,CHAMPAWAT,"08",32,true,100,,,5
632,HOOGHLY,"08",33,true,96,,,1
9,PRAKASAM-I,"09",1,true,115,,,3
41,DARRANG,"09",3,true,95,,,8
69,DARBHANGA,"09",4,true,100,,,1
110,SURENDRANAGAR,"09",6,true,99,,,2
144,MOHINDERGARH,"09",7,true,100,,,7
165,BILASPUR,"09",8,true,100,,,6
197,BIDAR,"09",10,true,101,,,3
228,PALAKKAD,"09",11,true,105,,,3
242,DATIA,"09",12,true,100,,,9
296,BEED,"09",13,true,107,,,4
421,DEEDWANA-KUCHAMAN (NAGAUR),"04",20,true,100,,NAGAUR,7
164,HAMIRPUR ,"08",8,true,100,,,6
24,WEST SIANG,"09",2,true,100,,,8
650,RANGA REDDY,"08",34,true,115,,,3
456,PAKYONG (EAST SIKKIM),"04",21,true,108,,EAST SIKKIM,8
628,BURDWAN,"04",33,true,96,,BARDHAMAN,1
20,KAMLE (UPPER SUBANSIRI),"05",2,true,100,,UPPER SUBANSIRI,8
329,TAMENGLONG,"08",14,true,106,,,8
403,FEROZEPUR,"09",19,true,110,,,6
465,GODDA,"09",22,true,100,,,1
499,AMETHI,"09",24,true,100,,,5
620,NAINITAL,"09",32,true,100,,,5
633,ALIPURDUAR,"09",33,true,96,,,1
651,WARANGAL,"09",34,true,115,,,3
10,PRAKASAM-II,"10",1,true,115,,,3
25,PAPUMPARE,"10",2,true,100,,,8
42,MORIGAON,"10",3,true,95,,,8
70,EAST CHAMPARAN,"10",4,true,100,,,1
111,ARAVALLI,"10",6,true,99,,,2
145,REWARI,"10",7,true,100,,,7
166,SOLAN,"10",8,true,100,,,6
198,KODAGU,"10",10,true,101,,,3
229,MALAPPURAM,"10",11,true,105,,,3
362,PEREN,"10",17,true,100,,,8
373,KALAHANDI,"10",18,true,109,,,10
404,PATHANKOT,"10",19,true,110,,,6
427,BARAN,"10",20,true,100,,,7
466,GUMLA,"10",22,true,100,,,1
500,AZAMGARH,"10",24,true,100,,,5
576,KORBA,"10",25,true,100,,,10
621,DEHRADUN,"10",32,true,100,,,5
634,UTTAR DINAZPUR,"10",33,true,96,,,1
11,SRIKAKULAM,"11",1,true,115,,,3
26,UPPER SIANG,"11",2,true,100,,,8
43,KARBI ANGLONG-I,"11",3,true,95,,,8
71,GAYA-I,"11",4,true,100,,,1
112,PATAN,"11",6,true,99,,,2
146,KURUKSHETRA,"11",7,true,100,,,7
342,SOUTH WEST KHASI HILLS,"10",15,true,100,,S.W. KHASI HILLS,8
428,BALOTRA (BARMER),"11",20,true,100,,BARMER,7
1073,MEDACHAL- MALKAJGIRI,"13",34,true,115,"",RANGA REDDY,3
1069,JAGTIAL,"11",34,true,115,"",KARIMNAGAR,3
1115,NONEY,"13",14,true,106,"",TAMENGLONG,8
1071,BHADRA KOTHAGUDEM,"10",34,true,115,"",KHAMMAM,3
1113,THOUBAL,"14",14,true,106,"",THOUBAL,8
1114,KANGPOKPI-II,"12",14,true,106,"",SENAPATI II,8
167,LAHAUL & SPITI,"11",8,true,100,,,6
322,KAKCHING (THOUBAL),"01",14,true,106,"",THOUBAL,8
345,SERCHIP,"01",16,true,100,,,8
199,YADGIRI,"11",10,true,101,,,3
230,ALLEPPEY,"11",11,true,105,,,3
244,ASHOKNAGAR,"11",12,true,100,,,9
298,NASHIK,"11",13,true,107,,,4
332,UKHRUL II,"11",14,true,106,,,8
343,NORTH GARO HILLS,"11",15,true,100,,,8
363,LONGLENG,"11",17,true,100,,,8
374,GANJAM,"11",18,true,109,,,10
405,BATHINDA,"11",19,true,110,,,6
467,HAZARIBAGH,"11",22,true,100,,,1
501,LALITPUR,"11",24,true,100,,,5
577,DHAMTARI,"11",25,true,100,,,10
622,PITHORAGARH,"11",32,true,100,,,5
635,BIRBHUM,"11",33,true,96,,,1
12,VISAKHAPATNAM,"12",1,true,115,,,3
27,EAST SIANG,"12",2,true,100,,,8
44,GOLAGHAT,"12",3,true,95,,,8
72,GOPALGANJ,"12",4,true,100,,,1
113,DAHOD I,"12",6,true,99,,,2
147,GURUGRAM,"12",7,true,100,,,7
168,KULLU,"12",8,true,100,,,6
200,DHARWAD,"12",10,true,101,,,3
231,KOLLAM,"12",11,true,105,,,3
245,NARMADAPURAM (HOSHANGABAD),"12",12,true,100,,,9
299,NANDURBAR-I,"12",13,true,107,,,4
344,WEST GARO HILLS,"12",15,true,100,,,8
375,MAYURBHANJ,"12",18,true,109,,,10
406,JALANDHAR,"12",19,true,110,,,6
429,DUNGARPUR,"12",20,true,100,,,7
468,KODERMA,"12",22,true,100,,,1
502,FARRUKHABAD,"12",24,true,100,,,5
578,BASTAR,"12",25,true,100,,,10
623,BAGESHWAR,"12",32,true,100,,,5
636,COOCH BEHAR,"12",33,true,96,,,1
13,VIZIANAGARAM,"13",1,true,115,,,3
28,WEST KAMENG,"13",2,true,100,,,8
73,JEHANABAD,"13",4,true,100,,,1
114,BHAVNAGAR,"13",6,true,99,,,2
148,KARNAL,"13",7,true,100,,,7
201,BELAGAVI,"13",10,true,101,,,3
232,THIRUVANANTHAPURAM,"13",11,true,105,,,3
246,GWALIOR,"13",12,true,100,,,9
300,PALGHAR,"13",13,true,107,,,4
376,PURI,"13",18,true,109,,,10
407,MANSA,"13",19,true,110,,,6
430,AJMER,"13",20,true,100,,,7
469,LOHARDAGA,"13",22,true,100,,,1
503,MIRZAPUR,"13",24,true,100,,,5
579,KANKER,"13",25,true,100,,,10
624,PAURI GARHWAL,"13",32,true,100,,,5
637,HOWRAH,"13",33,true,96,,,1
29,DIBANG VALLEY,"14",2,true,100,,,8
46,DIBRUGARH,"14",3,true,95,,,8
74,JAMUI,"14",4,true,100,,,1
115,VADODARA,"14",6,true,99,,,2
149,PANCHKULA,"14",7,true,100,,,7
233,WAYANAD,"14",11,true,105,,,3
247,INDORE,"14",12,true,100,,,9
301,JALNA,"14",13,true,107,,,4
377,NUAPADA,"14",18,true,109,,,10
408,LUDHIANA,"14",19,true,110,,,6
431,JAISALMER,"14",20,true,100,,,7
470,LATEHAR,"14",22,true,100,,,1
504,BAHRAICH,"14",24,true,100,,,5
580,KOREA,"14",25,true,100,,,10
638,WEST MEDINIPUR,"14",33,true,96,,,1
15,ALLURI SITHARAMA RAJU (EAST GODAVARI-II),"15",1,true,115,,,3
30,ANJAW,"15",2,true,100,,,8
47,TINSUKIA,"15",3,true,95,,,8
75,KATIHAR,"15",4,true,100,,,1
116,GANDHINAGAR,"15",6,true,99,,,2
150,PANIPAT,"15",7,true,100,,,7
203,BELLARY,"15",10,true,101,,,3
248,JABALPUR,"15",12,true,100,,,9
302,HINGOLI,"15",13,true,107,,,4
575,SAKTI (JANJGIR CHAMPA),"09",25,true,100,,JANJGIR CHAMPA,10
45,JORHAT,"13",3,true,95,,,8
331,KANGPOKPI-I (SENAPATI II),"10",14,true,106,,SENAPATI II,8
471,RANCHI,"15",22,true,100,,,1
505,KANPUR NAGAR,"15",24,true,100,,,5
581,JASHPUR,"15",25,true,100,,,10
639,PURULIA,"15",33,true,96,,,1
31,K. KHUMEY,"16",2,true,100,,,8
48,LAKHIMPUR,"16",3,true,95,,,8
76,KHAGARIA,"16",4,true,100,,,1
117,BANASKANTHA,"16",6,true,99,,,2
151,AMBALA,"16",7,true,100,,,7
169,BARAMULLA,"01",9,true,100,,,6
170,DODA,"02",9,true,100,,,6
171,KUPWARA,"03",9,true,100,,,6
172,SHOPIAN,"04",9,true,100,,,6
645,KHAMMAM,"03",34,true,115,,,3
567,BILASPUR ,"01",25,true,100,,,10
644,KARIMNAGAR,"02",34,true,115,,,3
1,SRI SATHYA SAI (ANANTAPUR),"01",1,true,115,,ANANTAPUR,3
33,SRIBHUMI (KARIMGANJ),"01",3,true,100,,SRIBHUMI,8
100,SOUTH GOA,"01",5,true,100,,,4
102,GIR SOMNATH,"01",6,true,99,,,2
136,JHAJJAR,"01",7,true,100,,,7
367,KORAPUT,"04",18,true,109,,,10
398,S.B.S. NAGAR,"04",19,true,110,,,6
460,EAST SINGHBHUM,"04",22,true,100,,,1
486,NORTH TRIPURA,"04",23,true,96,,,8
330,EAST IMPHAL,"09",14,true,106,,,8
341,EAST JAINTIA HILLS,"09",15,true,100,,,8
361,ZUNHEBOTO,"09",17,true,100,,,8
372,BALASORE,"09",18,true,109,,,10
426,SIKAR,"09",20,true,100,,,7
378,ANGUL,"15",18,true,109,,,10
409,HOSHIARPUR,"15",19,true,110,,,6
432,SRI GANGANAGAR-I,"15",20,true,100,,,7
126,DAHOD II,"25",6,true,99,,,2
641,SOUTH DINAJPUR,"17",33,true,96,,DAKSHIN DINAJPUR,1
204,CHITRADURGA,"16",10,true,101,,,3
249,ALIRAJPUR,"16",12,true,100,,,9
303,GONDIA,"16",13,true,107,,,4
379,KENDRAPADA,"16",18,true,109,,,10
410,FARIDKOT,"16",19,true,110,,,6
433,JODHPUR,"16",20,true,100,,,7
472,SAHEBGANJ,"16",22,true,100,,,1
506,GONDA,"16",24,true,100,,,5
582,KABIRDHAM,"16",25,true,100,,,10
640,SOUTH 24 PARGANAS,"16",33,true,96,,,1
32,TIRAP,"17",2,true,100,,,8
49,GOALPARA,"17",3,true,95,,,8
77,KISHANGANJ,"17",4,true,100,,,1
118,MEHSANA,"17",6,true,99,,,2
152,YAMUNANAGAR,"17",7,true,100,,,7
205,CHAMARAJNAGAR,"17",10,true,101,,,3
250,KATNI,"17",12,true,100,,,9
304,WARDHA,"17",13,true,107,,,4
380,NABARANGPUR,"17",18,true,109,,,10
411,MOGA,"17",19,true,110,,,6
434,TONK,"17",20,true,100,,,7
473,DHANBAD,"17",22,true,100,,,1
583,SUKMA - II,"17",25,true,100,,,10
50,HAILAKANDI,"18",3,true,95,,,8
78,MADHEPURA,"18",4,true,100,,,1
119,PANCHMAHAL,"18",6,true,99,,,2
153,ROHTAK,"18",7,true,100,,,7
206,TUMKUR,"18",10,true,101,,,3
251,KHARGONE,"18",12,true,100,,,9
305,YAVATMAL,"18",13,true,107,,,4
381,SONEPUR,"18",18,true,109,,,10
412,TARN TARAN,"18",19,true,110,,,6
435,JHALAWAR,"18",20,true,100,,,7
474,PAKUR-I,"18",22,true,100,,,1
508,BASTI,"18",24,true,100,,,5
584,BALODA BAZAR,"18",25,true,100,,,10
642,JALPAIGURI,"18",33,true,96,,,1
51,BONGAIGAON,"19",3,true,95,,,8
79,MADHUBANI,"19",4,true,100,,,1
120,PORBANDAR,"19",6,true,99,,,2
154,FATEHABAD,"19",7,true,100,,,7
207,UDUPI,"19",10,true,101,,,3
252,MORENA,"19",12,true,100,,,9
306,CHANDRAPUR,"19",13,true,107,,,4
382,RAYAGADA,"19",18,true,109,,,10
413,BARNALA,"19",19,true,110,,,6
475,JAMTARA,"19",22,true,100,,,1
509,MATHURA,"19",24,true,100,,,5
585,GARIYABAND,"19",25,true,100,,,10
52,DHEMAJI,"20",3,true,95,,,8
80,MUNGER,"20",4,true,100,,,1
121,DANG,"20",6,true,99,,,2
155,NUH,"20",7,true,100,,,7
208,BANGALORE URBAN,"20",10,true,101,,,3
253,MANDSAUR,"20",12,true,100,,,9
307,SANGLI,"20",13,true,107,,,4
383,JHARSUGUDA,"20",18,true,109,,,10
437,PALI,"20",20,true,100,,,7
476,PALAMU-I,"20",22,true,100,,,1
510,G B NAGAR,"20",24,true,100,,,5
53,CHIRANG,"21",3,true,95,,,8
81,MUZAFFARPUR,"21",4,true,100,,,1
122,NAVSARI,"21",6,true,99,,,2
156,PALWAL,"21",7,true,100,,,7
209,GADAG,"21",10,true,101,,,3
254,MANDLA,"21",12,true,100,,,9
308,RATNAGIRI,"21",13,true,107,,,4
384,KHURDA,"21",18,true,109,,,10
415,AMRITSAR-II,"21",19,true,110,,,6
438,BIKANER,"21",20,true,100,,,7
477,SARAIKELA,"21",22,true,100,,,1
511,SITAPUR-I,"21",24,true,100,,,5
587,SARGUJA,"21",25,true,100,,,10
54,NAGAON,"22",3,true,95,,,8
82,NALANDA,"22",4,true,100,,,1
123,ANAND,"22",6,true,99,,,2
210,RAICHUR,"22",10,true,101,,,3
255,NARSINGHPUR,"22",12,true,100,,,9
309,SINDHUDURG,"22",13,true,107,,,4
385,GAJAPATI,"22",18,true,109,,,10
416,FAZILKA,"22",19,true,110,,,6
439,SIROHI,"22",20,true,100,,,7
478,SIMDEGA,"22",22,true,100,,,1
512,AGRA,"22",24,true,100,,,5
588,MUNGELI,"22",25,true,100,,,10
55,BAKSA,"23",3,true,95,,,8
83,NAWADA,"23",4,true,100,,,1
124,NARMADA,"23",6,true,99,,,2
211,HAVERI,"23",10,true,101,,,3
256,PANNA,"23",12,true,100,,,9
386,BOUDH,"23",18,true,109,,,10
417,GURDASPUR,"23",19,true,110,,,6
440,SAWAI MADHOPUR,"23",20,true,100,,,7
479,PAKUR-II,"23",22,true,100,,,1
513,UNNAO,"23",24,true,100,,,5
589,SUKMA - I,"23",25,true,100,,,10
56,DIMA HASAO,"24",3,true,95,,,8
84,PURNEA,"24",4,true,100,,,1
125,VALSAD,"24",6,true,99,,,2
212,DAVANGERE,"24",10,true,101,,,3
257,RAJGARH,"24",12,true,100,,,9
311,KOLHAPUR,"24",13,true,107,,,4
387,MALKANGIRI - I,"24",18,true,109,,,10
441,DAUSA,"24",20,true,100,,,7
480,PALAMU-II,"24",22,true,100,,,1
514,MUZAFFARNAGAR,"24",24,true,100,,,5
590,BEMETARA,"24",25,true,100,,,10
57,UDALGURI,"25",3,true,95,,,8
85,PATNA,"25",4,true,100,,,1
586,BALRAMPUR ,"20",25,true,100,,,10
436,KHAIRTHAL-TIJARA (ALWAR),"19",20,true,100,,ALWAR,7
414,SAHIBZADA AJIT SINGH NAGAR (MOHALI),"20",19,true,110,,MOHALI,6
213,DAKSHINA KANNADA,"25",10,true,101,,,3
258,RATLAM-I,"25",12,true,100,,,9
312,AKOLA,"25",13,true,107,,,4
388,BARGARH,"25",18,true,109,,,10
442,JHUNJHUNU,"25",20,true,100,,,7
481,KHUNTI,"25",22,true,100,,,1
515,BALLIA,"25",24,true,100,,,5
591,BALOD,"25",25,true,100,,,10
58,DHUBRI,"26",3,true,95,,,8
86,SAHARSA,"26",4,true,100,,,1
127,AHMEDABAD,"26",6,true,99,,,2
214,BAGALKOT,"26",10,true,101,,,3
259,RAISEN,"26",12,true,100,,,9
313,RAIGAD,"26",13,true,107,,,4
389,BHADRAK,"26",18,true,109,,,10
443,BUNDI,"26",20,true,100,,,7
482,RAMGARH,"26",22,true,100,,,1
516,BHADOHI,"26",24,true,100,,,5
592,NARAYANPUR,"26",25,true,100,,,10
87,SAMASTIPUR,"27",4,true,100,,,1
128,BOTAD,"27",6,true,99,,,2
215,MYSURU,"27",10,true,101,,,3
260,REWA,"27",12,true,100,,,9
314,SATARA,"27",13,true,107,,,4
390,JAJPUR,"27",18,true,109,,,10
444,DHOLPUR,"27",20,true,100,,,7
517,KUSHINAGAR,"27",24,true,100,,,5
593,KONDAGAON,"27",25,true,100,,,10
1123,KAMRUP (METRO),"28",3,true,95,,,8
88,SARAN,"28",4,true,100,,,1
216,KALABURAGI-II,"28",10,true,101,,,3
261,SAGAR,"28",12,true,100,,,9
315,SOLAPUR,"28",13,true,107,,,4
391,NAYAGARH,"28",18,true,109,,,10
445,KOTA,"28",20,true,100,,,7
518,ETAH,"28",24,true,100,,,5
89,SITAMARHI,"29",4,true,100,,,1
262,SEONI,"29",12,true,100,,,9
316,PUNE,"29",13,true,107,,,4
392,JAGATSINGHPUR,"29",18,true,109,,,10
446,BHARATPUR,"29",20,true,100,,,7
519,GHAZIPUR,"29",24,true,100,,,5
90,SIWAN,"30",4,true,100,,,1
131,MAHISAGAR,"30",6,true,99,,,2
218,KOLAR,"30",10,true,101,,,3
263,SHAHDOL,"30",12,true,100,,,9
317,WASHIM,"30",13,true,107,,,4
393,DEOGARH,"30",18,true,109,,,10
447,UDAIPUR,"30",20,true,100,,,7
520,HARDOI,"30",24,true,100,,,5
91,SHEIKHPURA,"31",4,true,100,,,1
132,SABARKANTHA,"31",6,true,99,,,2
219,KALABURAGI-I,"31",10,true,101,,,3
264,SHIVPURI,"31",12,true,100,,,9
318,PARBHANI,"31",13,true,107,,,4
394,MALKANGIRI - II,"31",18,true,109,,,10
448,HANUMANGARH,"31",20,true,100,,,7
521,MAU,"31",24,true,100,,,5
92,SUPAUL,"32",4,true,100,,,1
133,MORBI,"32",6,true,99,,,2
265,SIDHI,"32",12,true,100,,,9
319,DHULE,"32",13,true,107,,,4
449,KARAULI,"32",20,true,100,,,7
522,BARABANKI,"32",24,true,100,,,5
93,VAISHALI,"33",4,true,100,,,1
134,SURAT,"33",6,true,99,,,2
266,SEHORE,"33",12,true,100,,,9
320,NANDURBAR II,"33",13,true,107,,,4
450,BANSWARA-II,"33",20,true,100,,,7
523,BIJNORE,"33",24,true,100,,,5
94,WEST CHAMPARAN,"34",4,true,100,,,1
135,CHHOTAUDEPUR,"34",6,true,99,,,2
267,SATNA,"34",12,true,100,,,9
321,BHANDARA,"34",13,true,107,,,4
451,SRI GANGANAGAR-II,"34",20,true,100,,,7
524,ALIGARH,"34",24,true,100,,,5
95,SHEOHAR,"35",4,true,100,,,1
268,SHAJAPUR,"35",12,true,100,,,9
525,HAMIRPUR,"35",24,true,100,,,5
96,LAKHISARAI,"36",4,true,100,,,1
269,SHEOPUR,"36",12,true,100,,,9
526,MAINPURI,"36",24,true,100,,,5
97,ROHTAS,"37",4,true,100,,,1
270,KHANDWA,"37",12,true,100,,,9
527,ETAWAH,"37",24,true,100,,,5
98,ARWAL,"38",4,true,100,,,1
271,TIKAMGARH,"38",12,true,100,,,9
528,SIDDHARTHNAGAR,"38",24,true,100,,,5
99,GAYA-II,"39",4,true,100,,,1
272,UJJAIN - I,"39",12,true,100,,,9
529,FIROZABAD,"39",24,true,100,,,5
273,VIDISHA,"40",12,true,100,,,9
530,SAMBHAL,"40",24,true,100,,,5
274,HARDA,"41",12,true,100,,,9
531,JALAUN,"41",24,true,100,,,5
275,NEEMUCH,"42",12,true,100,,,9
1077,SURYAPET,"15",34,true,115,"",NALGONDA,3
130,DEVBHOOMI DWARKA,"29",6,true,99,,DWARKA,2
1106,SHI YOMI,"18",2,true,100,"",WEST SIANG,8
532,KANPUR DEHAT,"42",24,true,100,,,5
276,DINDORI,"43",12,true,100,,,9
533,MAHARAJGANJ,"43",24,true,100,,,5
277,BARWANI,"44",12,true,100,,,9
534,PILIBHIT,"44",24,true,100,,,5
278,GUNA,"45",12,true,100,,,9
535,PRATAPGARH,"45",24,true,100,,,5
279,ANUPPUR,"46",12,true,100,,,9
536,SHAHJAHANPUR,"46",24,true,100,,,5
280,BURHANPUR,"47",12,true,100,,,9
537,BAGHPAT,"47",24,true,100,,,5
281,UMARIA,"48",12,true,100,,,9
538,FATEHPUR,"48",24,true,100,,,5
282,UJJAIN - II,"49",12,true,100,,,9
539,J P NAGAR,"49",24,true,100,,,5
283,JHABUA - II,"50",12,true,100,,,9
540,HATHRAS,"50",24,true,100,,,5
284,AGAR MALWA,"51",12,true,100,,,9
541,LUCKNOW,"51",24,true,100,,,5
285,JHABUA - I,"52",12,true,100,,,9
542,SAHARANPUR,"52",24,true,100,,,5
286,SINGRAULI,"53",12,true,100,,,9
543,CHITRAKOOT,"53",24,true,100,,,5
287,RATLAM-II,"54",12,true,100,,,9
544,LAKHIMPUR KHERI,"54",24,true,100,,,5
545,VARANASI,"55",24,true,100,,,5
546,CHANDAULI,"56",24,true,100,,,5
547,KAUSHAMBI,"57",24,true,100,,,5
548,AURAIYA,"58",24,true,100,,,5
549,BALRAMPUR,"59",24,true,100,,,5
594,BIJAPUR,"28",25,true,100,,,10
452,PRATAPGARH ,"35",20,true,100,,,7
550,MORADABAD,"60",24,true,100,,,5
551,SONEBHADRA,"61",24,true,100,,,5
552,SANT KABIR NAGAR,"62",24,true,100,,,5
553,KANNAUJ,"63",24,true,100,,,5
554,BANDA,"64",24,true,100,,,5
555,GHAZIABAD,"65",24,true,100,,,5
556,MAHOBA,"66",24,true,100,,,5
557,AMBEDKAR NAGAR,"67",24,true,100,,,5
558,SHRAWASTI,"68",24,true,100,,,5
559,DEORIA,"69",24,true,100,,,5
560,RAMPUR,"70",24,true,100,,,5
561,SITAPUR-II,"71",24,true,100,,,5
562,SHAMLI,"72",24,true,100,,,5
563,KASGANJ,"73",24,true,100,,,5
564,BADAYUN,"74",24,true,100,,,5
565,SULTANPUR,"75",24,true,100,,,5
566,HAPUR,"76",24,true,100,,,5
59,WEST KARBI ANGLONG-I(KARBI ANGLONG-II),"27",3,true,95,,KARBI ANGLONG-II,8
1110,MAJULI,"29",3,true,95,"",JORHAT,8
