organizationCode,organizationName,parentOrganizationCode,regionCode,stateCode,address
14030,"PM-SHRI Jawahar Navodaya Vidyalaya Kadvasan, Gir Somnath, Gujarat - 362720",RO-LUCKNOW,LUCKNOW,06,KADVASAN
14031,"PM-SHRI Jawahar Navodaya Vidyalaya Dumra, Kutch, Gujarat - 370490",RO-LUCKNOW,LUCKNOW,06,DUMRA
14032,"PM-SHRI Jawahar Navodaya Vidyalaya Roopnagar, Bharuch, Gujarat - 393110",RO-LUCKNOW,LUCKNOW,06,ROOPNAGAR
14033,"PM-SHRI Jawahar Navodaya Vidyalaya Aliabada, Jamnagar, Gujarat - 361110",RO-LUCKNOW,LUCKNOW,06,ALIABADA
14034,"PM-SHRI Jawahar Navodaya Vidyalaya Vanana, Porbandar, Gujarat - 360550",RO-LUCKNOW,LUCKNOW,06,Vanana
14035,"PM-SHRI Jawahar Navodaya Vidyalaya Kathlal, Kheda, Gujarat - 387630",RO-LUCKNOW,LUCKNOW,06,KATHLAL
14036,"PM-SHRI Jawahar Navodaya Vidyalaya Kharedi, Dahod I, Gujarat - 389160",RO-LUCKNOW,LUCKNOW,06,KHAREDI
14037,"PM-SHRI Jawahar Navodaya Vidyalaya Lanva, Patan, Gujarat - 384229",RO-LUCKNOW,LUCKNOW,06,Lanva
14038,"PM-SHRI Jawahar Navodaya Vidyalaya Paddhari, Rajkot, Gujarat - 360110",RO-LUCKNOW,LUCKNOW,06,paddhari
14039,"PM-SHRI Jawahar Navodaya Vidyalaya Borkhadi, Tapi, Gujarat - 394690",RO-LUCKNOW,LUCKNOW,06,BORKHADI
14040,"PM-SHRI Jawahar Navodaya Vidyalaya Dhrangadhra, Surendranagar, Gujarat - 363310",RO-LUCKNOW,LUCKNOW,06,DHRANGADHRA
14041,"PM-SHRI Jawahar Navodaya Vidyalaya Dhansura, Aravalli, Gujarat - 383310",RO-LUCKNOW,LUCKNOW,06,DHANSURA
14042,"PM-SHRI Jawahar Navodaya Vidyalaya Trapaj, Bhavnagar, Gujarat - 364150",RO-LUCKNOW,LUCKNOW,06,TRAPAJ
14043,"PM-SHRI Jawahar Navodaya Vidyalaya Sadhi , Vadodara, Gujarat - 391445",RO-LUCKNOW,LUCKNOW,06,Sadhi
14044,"PM-SHRI Jawahar Navodaya Vidyalaya Sametri, Gandhinagar, Gujarat - 382315",RO-LUCKNOW,LUCKNOW,06,Sametri
14045,"PM-SHRI Jawahar Navodaya Vidyalaya Dantiwada , Banaskantha, Gujarat - 385505",RO-LUCKNOW,LUCKNOW,06,DANTIWADA
14046,"PM-SHRI Jawahar Navodaya Vidyalaya Vadnagar , Mehsana, Gujarat - 384355",RO-LUCKNOW,LUCKNOW,06,Vadnagar
14047,"PM-SHRI Jawahar Navodaya Vidyalaya Vejalpur , Panchmahal, Gujarat - 389340",RO-LUCKNOW,LUCKNOW,06,VEJALPUR
14048,"PM-SHRI Jawahar Navodaya Vidyalaya Saputara, Dang, Gujarat - 394720",RO-LUCKNOW,LUCKNOW,06,SAPUTARA
14049,"PM-SHRI Jawahar Navodaya Vidyalaya Babapur, Amreli, Gujarat - 365610",RO-LUCKNOW,LUCKNOW,06,BABAPUR
14050,"PM-SHRI Jawahar Navodaya Vidyalaya Bhadran, Anand, Gujarat - 388530",RO-LUCKNOW,LUCKNOW,06,BHADRAN
14051,"PM-SHRI Jawahar Navodaya Vidyalaya Rupvel, Navsari, Gujarat - 396560",RO-LUCKNOW,LUCKNOW,06,RUPVEL
14052,"Jawahar Navodaya Vidyalaya Tilakwada, Narmada, Gujarat - 391120",RO-LUCKNOW,LUCKNOW,06,TILAKWADA
14053,"PM-SHRI Jawahar Navodaya Vidyalaya Ambheti, Valsad, Gujarat - 396191",RO-LUCKNOW,LUCKNOW,06,AMBHETI
14054,"PM-SHRI Jawahar Navodaya Vidyalaya Nandla, Ajmer, Rajasthan - 305601",RO-MUMBAI,MUMBAI,20,NANDLA
14055,"PM-SHRI Jawahar Navodaya Vidyalaya Khairthal, Khairthal-Tijara (Alwar), Rajasthan - 301404",RO-MUMBAI,MUMBAI,20,KHAIRTHAL
14056,"PM-SHRI Jawahar Navodaya Vidyalaya Budwa, Banswara-I, Rajasthan - 327604",RO-MUMBAI,MUMBAI,20,BUDWA
14057,"PM-SHRI Jawahar Navodaya Vidyalaya Atru, Baran, Rajasthan - 325218",RO-MUMBAI,MUMBAI,20,ATRU
14058,"PM-SHRI Jawahar Navodaya Vidyalaya Mandapura, Balotra (Barmer), Rajasthan - 344032",RO-MUMBAI,MUMBAI,20,MANDAPURA
14059,"PM-SHRI Jawahar Navodaya Vidyalaya Hurda, Bhilwara, Rajasthan - 311022",RO-MUMBAI,MUMBAI,20,HURDA
14060,"PM-SHRI Jawahar Navodaya Vidyalaya Gajner, Bikaner, Rajasthan - 334024",RO-MUMBAI,MUMBAI,20,GAJNER
14061,"PM-SHRI Jawahar Navodaya Vidyalaya Sitapura, Bundi, Rajasthan - 323021",RO-MUMBAI,MUMBAI,20,SITAPURA
14062,"PM-SHRI Jawahar Navodaya Vidyalaya Mandaphia , Chittorgarh, Rajasthan - 312027",RO-MUMBAI,MUMBAI,20,MANDAPHIA
14063,"PM-SHRI Jawahar Navodaya Vidyalaya Sardarshahar, Churu, Rajasthan - 331403",RO-MUMBAI,MUMBAI,20,SARDARSHAHAR
14064,"PM-SHRI Jawahar Navodaya Vidyalaya Kherli, Dausa, Rajasthan - 303501",RO-MUMBAI,MUMBAI,20,KHERLI
14065,"PM-SHRI Jawahar Navodaya Vidyalaya Thakarda, Dungarpur, Rajasthan - 314029",RO-MUMBAI,MUMBAI,20,THAKARDA
14066,"PM-SHRI Jawahar Navodaya Vidyalaya Pachpahar, Jhalawar, Rajasthan - 326512",RO-MUMBAI,MUMBAI,20,PACHPAHAR
14067,"PM-SHRI Jawahar Navodaya Vidyalaya Jaswantpura, Jalore, Rajasthan - 307515",RO-MUMBAI,MUMBAI,20,JASWANTPURA
14068,"PM-SHRI Jawahar Navodaya Vidyalaya Mohangarh, Jaisalmer, Rajasthan - 345033",RO-MUMBAI,MUMBAI,20,MOHANGARH
14069,"PM-SHRI Jawahar Navodaya Vidyalaya Paota, Kotputli-Behror (Jaipur), Rajasthan - 303106",RO-MUMBAI,MUMBAI,20,PAOTA
14070,"PM-SHRI Jawahar Navodaya Vidyalaya Kajra, Jhunjhunu, Rajasthan - 333030",RO-MUMBAI,MUMBAI,20,KAJRA
14071,"PM-SHRI Jawahar Navodaya Vidyalaya Tilwasni, Jodhpur, Rajasthan - 342605",RO-MUMBAI,MUMBAI,20,TILWASNI
14072,"PM-SHRI Jawahar Navodaya Vidyalaya Khairabad, Kota, Rajasthan - 326529",RO-MUMBAI,MUMBAI,20,KHAIRABAD
14073,"PM-SHRI Jawahar Navodaya Vidyalaya Dholpur, Dholpur, Rajasthan - 382001",RO-MUMBAI,MUMBAI,20,DHOLPUR
14074,"PM-SHRI Jawahar Navodaya Vidyalaya Panwari, Deedwana-Kuchaman (Nagaur), Rajasthan - 341508",RO-MUMBAI,MUMBAI,20,PANWARI
14075,"PM-SHRI Jawahar Navodaya Vidyalaya Jojawar, Pali, Rajasthan - 306022",RO-MUMBAI,MUMBAI,20,JOJAWAR
14076,"PM-SHRI Jawahar Navodaya Vidyalaya Gadriyawas, Rajsamand, Rajasthan - 313324",RO-MUMBAI,MUMBAI,20,GADRIYAWAS
14077,"PM-SHRI Jawahar Navodaya Vidyalaya Mahiyanwali, Sri Ganganagar-I, Rajasthan - 335002",RO-MUMBAI,MUMBAI,20,MAHIYANWALI
14078,"PM-SHRI Jawahar Navodaya Vidyalaya Patan, Sikar, Rajasthan - 332718",RO-MUMBAI,MUMBAI,20,PATAN
14079,"PM-SHRI Jawahar Navodaya Vidyalaya Kalandri, Sirohi, Rajasthan - 307802",RO-MUMBAI,MUMBAI,20,KALANDRI
14080,"PM-SHRI Jawahar Navodaya Vidyalaya Jat Baroda, Sawai Madhopur, Rajasthan - 322202",RO-MUMBAI,MUMBAI,20,JAT BARODA
14081,"PM-SHRI Jawahar Navodaya Vidyalaya Chhan, Tonk, Rajasthan - 304001",RO-MUMBAI,MUMBAI,20,CHHAN
14082,"PM-SHRI Jawahar Navodaya Vidyalaya Chhonkarwara Kalan, Bharatpur, Rajasthan - 321407",RO-MUMBAI,MUMBAI,20,CHHONKARWARA KALAN
14083,"PM-SHRI Jawahar Navodaya Vidyalaya Jawan Ji Ka Khera, Udaipur, Rajasthan - 313203",RO-MUMBAI,MUMBAI,20,JAWAN JI KA KHERA
14084,"PM-SHRI Jawahar Navodaya Vidyalaya Pallu, Hanumangarh, Rajasthan - 335522",RO-MUMBAI,MUMBAI,20,PALLU
14085,"PM-SHRI Jawahar Navodaya Vidyalaya Jatnagla, Karauli, Rajasthan - 322236",RO-MUMBAI,MUMBAI,20,JATNAGLA
14086,"PM-SHRI Jawahar Navodaya Vidyalaya Kupda, Banswara-II, Rajasthan - 327001",RO-MUMBAI,MUMBAI,20,KUPDA
14087,"PM-SHRI Jawahar Navodaya Vidyalaya Suratgarh, Sri Ganganagar-II, Rajasthan - 335804",RO-MUMBAI,MUMBAI,20,SURATGARH
14199,"PM-SHRI Jawahar Navodaya Vidyalaya Botad , Botad, Gujarat - 364710",RO-LUCKNOW,LUCKNOW,06,BOTAD
14201,"PM-SHRI Jawahar Navodaya Vidyalaya Karanpur, Mahisagar, Gujarat - 388255",RO-LUCKNOW,LUCKNOW,06,Karanpur
14202,"PM-SHRI Jawahar Navodaya Vidyalaya Palli, Dahod II, Gujarat - 389140",RO-LUCKNOW,LUCKNOW,06,PALLI
14203,"PM-SHRI Jawahar Navodaya Vidyalaya Dhaturiya, Devbhoomi Dwarka, Gujarat - 361306",RO-LUCKNOW,LUCKNOW,06,Dhaturiya
14204,"PM-SHRI Jawahar Navodaya Vidyalaya Khadiya , Junagadh, Gujarat - 362263",RO-LUCKNOW,LUCKNOW,06,Khadiya
14208,"PM-SHRI Jawahar Navodaya Vidyalaya Baseda, Pratapgarh, Rajasthan - 312601",RO-MUMBAI,MUMBAI,20,Baseda
14209,"PM-SHRI Jawahar Navodaya Vidyalaya Hathijan, Ahmedabad, Gujarat - 382445",RO-LUCKNOW,LUCKNOW,06,HATHIJAN
14213,"PM-SHRI Jawahar Navodaya Vidyalaya Virpur, Sabarkantha, Gujarat - 383230",RO-LUCKNOW,LUCKNOW,06,VIRPUR
14302,"PM-SHRI Jawahar Navodaya Vidyalaya Vankal, Surat, Gujarat - 394430",RO-LUCKNOW,LUCKNOW,06,VANKAL
14303,"PM-SHRI Jawahar Navodaya Vidyalaya Bahadarpur, Chhotaudepur, Gujarat - 391125",RO-LUCKNOW,LUCKNOW,06,Bahadarpur
14304,"PM-SHRI Jawahar Navodaya Vidyalaya Kothariya, Morbi, Gujarat - 363621",RO-LUCKNOW,LUCKNOW,06,KOTHARIYA
19001,"PM-SHRI Jawahar Navodaya Vidyalaya Barsoor, Dantewada, Chhattisgarh - 494441",RO-SHILLONG,SHILLONG,25,BARSOOR
19002,"PM-SHRI Jawahar Navodaya Vidyalaya Bhupdevpur , Raigarh, Chhattisgarh - 496661",RO-SHILLONG,SHILLONG,25,BHUPDEVPUR
19003,"PM-SHRI Jawahar Navodaya Vidyalaya Salora, Korba, Chhattisgarh - 495445",RO-SHILLONG,SHILLONG,25,SALORA
19004,"PM-SHRI Jawahar Navodaya Vidyalaya Chisda, Sakti (Janjgir Champa), Chhattisgarh - 495661",RO-SHILLONG,SHILLONG,25,CHISDA
19005,"PM-SHRI Jawahar Navodaya Vidyalaya Udiyakala , Kabirdham, Chhattisgarh - 491995",RO-SHILLONG,SHILLONG,25,UDIYAKALA
19006,"PM-SHRI Jawahar Navodaya Vidyalaya Borai, Durg, Chhattisgarh - 491001",RO-SHILLONG,SHILLONG,25,BORAI
19007,"PM-SHRI Jawahar Navodaya Vidyalaya Dongargarh, Rajnandgaon, Chhattisgarh - 491445",RO-SHILLONG,SHILLONG,25,DONGARGARH
19008,"PM-SHRI Jawahar Navodaya Vidyalaya Malhar, Bilaspur, Chhattisgarh - 495551",RO-SHILLONG,SHILLONG,25,MALHAR
19009,"PM-SHRI Jawahar Navodaya Vidyalaya Chhindpali, Mahasamund, Chhattisgarh - 493558",RO-SHILLONG,SHILLONG,25,CHHINDPALI
19010,"PM-SHRI Jawahar Navodaya Vidyalaya Kenapara, Korea, Chhattisgarh - 497335",RO-SHILLONG,SHILLONG,25,KENAPARA
19011,"PM-SHRI Jawahar Navodaya Vidyalaya Basdei, Surajpur, Chhattisgarh - 497231",RO-SHILLONG,SHILLONG,25,BASDEI
19012,"PM-SHRI Jawahar Navodaya Vidyalaya Dharampura-2, Bastar, Chhattisgarh - 494001",RO-SHILLONG,SHILLONG,25,DHARAMPURA-2
19013,"PM-SHRI Jawahar Navodaya Vidyalaya Dhodhidand, Jashpur, Chhattisgarh - 496225",RO-SHILLONG,SHILLONG,25,DHODHIDAND
19014,"PM-SHRI Jawahar Navodaya Vidyalaya Karap, Kanker, Chhattisgarh - 494335",RO-SHILLONG,SHILLONG,25,KARAP
19015,"PM-SHRI Jawahar Navodaya Vidyalaya Kurud, Dhamtari, Chhattisgarh - 493663",RO-SHILLONG,SHILLONG,25,KURUD
19016,"PM-SHRI Jawahar Navodaya Vidyalaya Mana, Raipur, Chhattisgarh - 492015",RO-SHILLONG,SHILLONG,25,MANA
19017,"PM-SHRI Jawahar Navodaya Vidyalaya Sukma, Sukma - II, Chhattisgarh - 494111",RO-SHILLONG,SHILLONG,25,SUKMA
19056,"PM-SHRI Jawahar Navodaya Vidyalaya Lahandabud, Jharsuguda, Odisha - 768202",RO-SHILLONG,SHILLONG,18,LAHANDABUD
19057,"PM-SHRI Jawahar Navodaya Vidyalaya Champatimunda, Angul, Odisha - 759132",RO-SHILLONG,SHILLONG,18,CHAMPATIMUNDA
19058,"PM-SHRI Jawahar Navodaya Vidyalaya Gurujanga, Khurda, Odisha - 752057",RO-SHILLONG,SHILLONG,18,GURUJANGA
19059,"PM-SHRI Jawahar Navodaya Vidyalaya Paikmal, Bargarh, Odisha - 768039",RO-SHILLONG,SHILLONG,18,PAIKMAL
19060,"PM-SHRI Jawahar Navodaya Vidyalaya Paljhar, Boudh, Odisha - 762026",RO-SHILLONG,SHILLONG,18,PALJHAR
19061,"PM-SHRI Jawahar Navodaya Vidyalaya Mundali, Cuttack, Odisha - 754006",RO-SHILLONG,SHILLONG,18,MUNDALI
19062,"PM-SHRI Jawahar Navodaya Vidyalaya Baro, Kendrapada, Odisha - 754250",RO-SHILLONG,SHILLONG,18,BARO
19063,"PM-SHRI Jawahar Navodaya Vidyalaya Chandimal, Bhadrak, Odisha - 756125",RO-SHILLONG,SHILLONG,18,CHANDIMAL
19064,"PM-SHRI Jawahar Navodaya Vidyalaya Betaguda, Gajapati, Odisha - 761201",RO-SHILLONG,SHILLONG,18,BETAGUDA
19065,"PM-SHRI Jawahar Navodaya Vidyalaya Khatiguda, Nabarangpur, Odisha - 764085",RO-SHILLONG,SHILLONG,18,KHATIGUDA
19066,"PM-SHRI Jawahar Navodaya Vidyalaya Nabaghanpur, Nayagarh, Odisha - 752070",RO-SHILLONG,SHILLONG,18,NABAGHANPUR
19067,"PM-SHRI Jawahar Navodaya Vidyalaya Gondiaguda, Malkangiri - I, Odisha - 764045",RO-SHILLONG,SHILLONG,18,GONDIAGUDA
19068,"PM-SHRI Jawahar Navodaya Vidyalaya Patharpada, Jajpur, Odisha - 755043",RO-SHILLONG,SHILLONG,18,PATHARPADA
19069,"PM-SHRI Jawahar Navodaya Vidyalaya Sailo, Jagatsinghpur, Odisha - 754140",RO-SHILLONG,SHILLONG,18,SAILO
19070,"PM-SHRI Jawahar Navodaya Vidyalaya Landiguda, Koraput, Odisha - 764021",RO-SHILLONG,SHILLONG,18,LANDIGUDA
19071,"PM-SHRI Jawahar Navodaya Vidyalaya Chapatkhanda, Kalahandi, Odisha - 766001",RO-SHILLONG,SHILLONG,18,CHAPATKHANDA
19072,"PM-SHRI Jawahar Navodaya Vidyalaya Salbani, Mayurbhanj, Odisha - 757029",RO-SHILLONG,SHILLONG,18,SALBANI
19073,"PM-SHRI Jawahar Navodaya Vidyalaya Zinc Nagar, Sundargarh, Odisha - 770072",RO-SHILLONG,SHILLONG,18,ZINC NAGAR
19074,"PM-SHRI Jawahar Navodaya Vidyalaya Bagudi, Balasore, Odisha - 756045",RO-SHILLONG,SHILLONG,18,BAGUDI
19075,"PM-SHRI Jawahar Navodaya Vidyalaya Belpada, Bolangir, Odisha - 767026",RO-SHILLONG,SHILLONG,18,BELPADA
19076,"PM-SHRI Jawahar Navodaya Vidyalaya Goshala, Sambalpur, Odisha - 768025",RO-SHILLONG,SHILLONG,18,GOSHALA
19077,"PM-SHRI Jawahar Navodaya Vidyalaya Hadagarh, Keonjhar, Odisha - 758023",RO-SHILLONG,SHILLONG,18,HADAGARH
19078,"PM-SHRI Jawahar Navodaya Vidyalaya Tudipaju, Phulbani, Odisha - 762002",RO-SHILLONG,SHILLONG,18,TUDIPAJU
19079,"PM-SHRI Jawahar Navodaya Vidyalaya Sarang, Dhenkanal, Odisha - 759146",RO-SHILLONG,SHILLONG,18,SARANG
19080,"PM-SHRI Jawahar Navodaya Vidyalaya Surangi, Ganjam, Odisha - 761037",RO-SHILLONG,SHILLONG,18,SURANGI
19081,"PM-SHRI Jawahar Navodaya Vidyalaya Tarbha, Sonepur, Odisha - 767016",RO-SHILLONG,SHILLONG,18,TARBHA
19082,"PM-SHRI Jawahar Navodaya Vidyalaya Burjuguda, Rayagada, Odisha - 765018",RO-SHILLONG,SHILLONG,18,BURJUGUDA
19083,"PM-SHRI Jawahar Navodaya Vidyalaya Sunamunda, Deogarh, Odisha - 768108",RO-SHILLONG,SHILLONG,18,SUNAMUNDA
19084,"PM-SHRI Jawahar Navodaya Vidyalaya Balimela, Malkangiri - II, Odisha - 764051",RO-SHILLONG,SHILLONG,18,BALIMELA
19085,"PM-SHRI Jawahar Navodaya Vidyalaya Tarbod, Nuapada, Odisha - 766105",RO-SHILLONG,SHILLONG,18,TARBOD
19086,"PM-SHRI Jawahar Navodaya Vidyalaya Konark, Puri, Odisha - 752111",RO-SHILLONG,SHILLONG,18,JUNEI
19170,"Jawahar Navodaya Vidyalaya Gangadharpur, Howrah, West Bengal - 711302",RO-BHOPAL,BHOPAL,33,GANGADHARPUR
19171,"PM-SHRI Jawahar Navodaya Vidyalaya Banipur, North 24 Pargana, West Bengal - 743233",RO-BHOPAL,BHOPAL,33,BANIPUR
19172,"Jawahar Navodaya Vidyalaya Chhabisay , Darjeeling, West Bengal - 734214",RO-BHOPAL,BHOPAL,33,CHHABISAY
19173,"Jawahar Navodaya Vidyalaya Haripur, Uttar Dinazpur, West Bengal - 733201",RO-BHOPAL,BHOPAL,33,HARIPUR
19174,"PM-SHRI Jawahar Navodaya Vidyalaya Gopalpur, Birbhum, West Bengal - 731303",RO-BHOPAL,BHOPAL,33,GOPALPUR
19175,"PM-SHRI Jawahar Navodaya Vidyalaya Bidhannagar, Burdwan, West Bengal - 713212",RO-BHOPAL,BHOPAL,33,BIDHANNAGAR
19176,"PM-SHRI Jawahar Navodaya Vidyalaya Dihibagnan, Hooghly, West Bengal - 712613",RO-BHOPAL,BHOPAL,33,DIHIBAGNAN
19177,"PM-SHRI Jawahar Navodaya Vidyalaya Purbachakchaka, Barobisha, Alipurduar, West Bengal - 736207",RO-BHOPAL,BHOPAL,33,"PURBACHAKCHAKA, BAROBISHA"
19178,"PM-SHRI Jawahar Navodaya Vidyalaya Berhampore, Murshidabad, West Bengal - 742101",RO-BHOPAL,BHOPAL,33,BERHAMPORE
19179,"PM-SHRI Jawahar Navodaya Vidyalaya Kalpathar, Bankura, West Bengal - 722146",RO-BHOPAL,BHOPAL,33,KALPATHAR
19180,"PM-SHRI Jawahar Navodaya Vidyalaya Kapasaria, East Medinipur, West Bengal - 721628",RO-BHOPAL,BHOPAL,33,Kapasaria
19182,"PM-SHRI Jawahar Navodaya Vidyalaya Muradanga, West Medinipur, West Bengal - 721102",RO-BHOPAL,BHOPAL,33,MURADANGA
19183,"Jawahar Navodaya Vidyalaya Tufanganj New Town, Cooch Behar, West Bengal - 736160",RO-BHOPAL,BHOPAL,33,TUFANGANJ NEW TOWN
19185,"PM-SHRI Jawahar Navodaya Vidyalaya Mangalpur, South Dinajpur, West Bengal - 733103",RO-BHOPAL,BHOPAL,33,MANGALPUR
19186,"PM-SHRI Jawahar Navodaya Vidyalaya Kalyani, Nadia, West Bengal - 741235",RO-BHOPAL,BHOPAL,33,KALYANI
19187,"PM-SHRI Jawahar Navodaya Vidyalaya Jibantala , South 24 Parganas, West Bengal - 743376",RO-BHOPAL,BHOPAL,33,JIBANTALA
19188,"PM-SHRI Jawahar Navodaya Vidyalaya Dabar Balrampur, Purulia, West Bengal - 723103",RO-BHOPAL,BHOPAL,33,DABAR BALRAMPUR
19256,"PM-SHRI Jawahar Navodaya Vidyalaya Bahera, Bemetara, Chhattisgarh - 491335",RO-SHILLONG,SHILLONG,25,BAHERA
19257,"PM-SHRI Jawahar Navodaya Vidyalaya Lawan, Baloda Bazar, Chhattisgarh - 493526",RO-SHILLONG,SHILLONG,25,LAWAN
19259,"PM-SHRI Jawahar Navodaya Vidyalaya Nagrakata, Jalpaiguri, West Bengal - 735225",RO-BHOPAL,BHOPAL,33,NAGRAKATA
19260,"PM-SHRI Jawahar Navodaya Vidyalaya Panduka, Gariyaband, Chhattisgarh - 492109",RO-SHILLONG,SHILLONG,25,PANDUKA
19261,"PM-SHRI Jawahar Navodaya Vidyalaya Penta, Sukma - I, Chhattisgarh - 494122",RO-SHILLONG,SHILLONG,25,PENTA
19262,"PM-SHRI Jawahar Navodaya Vidyalaya Dudhli, Balod, Chhattisgarh - 491226",RO-SHILLONG,SHILLONG,25,DUDHLI
19263,"PM-SHRI Jawahar Navodaya Vidyalaya Dabo, Mungeli, Chhattisgarh - 495334",RO-SHILLONG,SHILLONG,25,DABO
19264,"PM-SHRI Jawahar Navodaya Vidyalaya Binjli, Narayanpur, Chhattisgarh - 494661",RO-SHILLONG,SHILLONG,25,BINJLI
19269,"PM-SHRI Jawahar Navodaya Vidyalaya Khaliba, Sarguja, Chhattisgarh - 497001",RO-SHILLONG,SHILLONG,25,KHALIBA
19270,"PM-SHRI Jawahar Navodaya Vidyalaya Tangarmahri, Balrampur, Chhattisgarh - 497119",RO-SHILLONG,SHILLONG,25,TANGARMAHRI
19271,"PM-SHRI Jawahar Navodaya Vidyalaya Nukanpal Dhanora  Education City , Bijapur, Chhattisgarh - 494444",RO-SHILLONG,SHILLONG,25,NUKANPAL DHANORA  EDUCATION CITY
19300,"Jawahar Navodaya Vidyalaya Kondagaon, Kondagaon, Chhattisgarh - 494226",RO-SHILLONG,SHILLONG,25,KONDAGAON
22500,"Jawahar Navodaya Vidyalaya Shalimar, Kishtwar, UT Jammu & Kashmir - 182204",RO-JAIPUR,JAIPUR,09,Shalimar
22501,"Jawahar Navodaya Vidyalaya Nownagri, Pulwama, UT Jammu & Kashmir - 192301",RO-JAIPUR,JAIPUR,09,Nownagri
22502,"PM-SHRI Jawahar Navodaya Vidyalaya Kikarwala Rupa, Fazilka, Punjab - 152123",RO-JAIPUR,JAIPUR,19,KIKARWALA RUPA
22503,"PM-SHRI Jawahar Navodaya Vidyalaya Daburi, Gurdaspur, Punjab - 143526",RO-JAIPUR,JAIPUR,19,DABURI
22555,"Jawahar Navodaya Vidyalaya Madar, Bandipora, UT Jammu & Kashmir - 193502",RO-JAIPUR,JAIPUR,09,MADAR
23560,"PM-SHRI Jawahar Navodaya Vidyalaya Gharota, Jammu-I, UT Jammu & Kashmir - 181122",RO-JAIPUR,JAIPUR,09,Gharota
23563,"PM-SHRI Jawahar Navodaya Vidyalaya Kotli Manotrain, Reasi, UT Jammu & Kashmir - 182311",RO-JAIPUR,JAIPUR,09,Kotli Manotrain
24350,"Jawahar Navodaya Vidyalaya Batote, Ramban, UT Jammu & Kashmir - 182143",RO-JAIPUR,JAIPUR,09,BATOTE
24501,"PM-SHRI Jawahar Navodaya Vidyalaya Longowal (Pindi Satipura), Sangrur, Punjab - 148106",RO-JAIPUR,JAIPUR,19,LONGOWAL (PINDI SATIPURA)
24502,"PM-SHRI Jawahar Navodaya Vidyalaya Farour, Fatehgarh Sahib, Punjab - 141801",RO-JAIPUR,JAIPUR,19,FAROUR
24503,"PM-SHRI Jawahar Navodaya Vidyalaya Bring Khera , Muktsar, Punjab - 151211",RO-JAIPUR,JAIPUR,19,BRING KHERA
24504,"PM-SHRI Jawahar Navodaya Vidyalaya Fatehpur Rajputan, Patiala, Punjab - 147103",RO-JAIPUR,JAIPUR,19,FATEHPUR  RAJPUTAN
24505,"PM-SHRI Jawahar Navodaya Vidyalaya Maseetan , Kapurthala, Punjab - 144628",RO-JAIPUR,JAIPUR,19,MASEETAN
24506,"PM-SHRI Jawahar Navodaya Vidyalaya Pojewal, S.B.S. Nagar, Punjab - 144524",RO-JAIPUR,JAIPUR,19,POJEWAL
24507,"PM-SHRI Jawahar Navodaya Vidyalaya Goindwal Sahib, Tarn Taran, Punjab - 143422",RO-JAIPUR,JAIPUR,19,GOINDWAL SAHIB
24508,"PM-SHRI Jawahar Navodaya Vidyalaya Sandhuan, Rupnagar (Ropar), Punjab - 140112",RO-JAIPUR,JAIPUR,19,Sandhuan
24509,"PM-SHRI Jawahar Navodaya Vidyalaya Najochak, Pathankot, Punjab - 145025",RO-JAIPUR,JAIPUR,19,NAJOCHAK
24510,"PM-SHRI Jawahar Navodaya Vidyalaya Mahian Wala Kalan, Ferozepur, Punjab - 142047",RO-JAIPUR,JAIPUR,19,MAHIAN WALA KALAN
24511,"PM-SHRI Jawahar Navodaya Vidyalaya Teona Pujarian, Bathinda, Punjab - 151302",RO-JAIPUR,JAIPUR,19,TEONA PUJARIAN
24512,"PM-SHRI Jawahar Navodaya Vidyalaya Talwandi Madho, Jalandhar, Punjab - 144625",RO-JAIPUR,JAIPUR,19,TALWANDI MADHO
24513,"PM-SHRI Jawahar Navodaya Vidyalaya Phaphre Bahike, Mansa, Punjab - 151502",RO-JAIPUR,JAIPUR,19,PHAPHRE BAHIKE
24514,"PM-SHRI Jawahar Navodaya Vidyalaya Lohara, Moga, Punjab - 142039",RO-JAIPUR,JAIPUR,19,LOHARA
24515,"PM-SHRI Jawahar Navodaya Vidyalaya Phalahi, Hoshiarpur, Punjab - 146111",RO-JAIPUR,JAIPUR,19,PHALAHI
24516,"PM-SHRI Jawahar Navodaya Vidyalaya Dhanansu, Ludhiana, Punjab - 141112",RO-JAIPUR,JAIPUR,19,Dhanansu
24517,"PM-SHRI Jawahar Navodaya Vidyalaya Kauni, Faridkot, Punjab - 151212",RO-JAIPUR,JAIPUR,19,KAUNI
24518,"PM-SHRI Jawahar Navodaya Vidyalaya Awan, Amritsar-I, Punjab - 143603",RO-JAIPUR,JAIPUR,19,AWAN
24519,"PM-SHRI Jawahar Navodaya Vidyalaya Dhilwan, Barnala, Punjab - 148108",RO-JAIPUR,JAIPUR,19,DHILWAN
24520,"PM-SHRI Jawahar Navodaya Vidyalaya Rakoli, Sahibzada Ajit Singh Nagar (Mohali), Punjab - 140103",RO-JAIPUR,JAIPUR,19,RAKOLI
24521,"PM-SHRI Jawahar Navodaya Vidyalaya Bhillowal, Amritsar-II, Punjab - 143109",RO-JAIPUR,JAIPUR,19,BHILLOWAL
24701,"PM-SHRI Jawahar Navodaya Vidyalaya Sector 25 West, Chandigarh, UT Chandigarh - 160014",RO-JAIPUR,JAIPUR,27,SECTOR 25 WEST
24901,"PM-SHRI Jawahar Navodaya Vidyalaya Aglar, Shopian, UT Jammu & Kashmir - 192305",RO-JAIPUR,JAIPUR,09,Aglar
24902,"PM-SHRI Jawahar Navodaya Vidyalaya Shahkote, Baramulla, UT Jammu & Kashmir - 193122",RO-JAIPUR,JAIPUR,09,SHAHKOTE
24903,"PM-SHRI Jawahar Navodaya Vidyalaya Choglamsar, Leh, UT Ladakh - 194101",RO-JAIPUR,JAIPUR,35,CHOGLAMSAR
24904,"PM-SHRI Jawahar Navodaya Vidyalaya Palahi, Kathua, UT Jammu & Kashmir - 184201",RO-JAIPUR,JAIPUR,09,Palahi
24905,"PM-SHRI Jawahar Navodaya Vidyalaya Potushai, Lolab, Kupwara, Kupwara, UT Jammu & Kashmir - 193223",RO-JAIPUR,JAIPUR,09,"POTUSHAI, LOLAB, KUPWARA"
24906,"PM-SHRI Jawahar Navodaya Vidyalaya Hubbi, Rajouri, UT Jammu & Kashmir - 185132",RO-JAIPUR,JAIPUR,09,Hubbi
24907,"PM-SHRI Jawahar Navodaya Vidyalaya Jaganoo, Udhampur, UT Jammu & Kashmir - 182124",RO-JAIPUR,JAIPUR,09,Jaganoo
24908,"PM-SHRI Jawahar Navodaya Vidyalaya Nud, Samba, UT Jammu & Kashmir - 184121",RO-JAIPUR,JAIPUR,09,Nud
24909,"PM-SHRI Jawahar Navodaya Vidyalaya Logripora, Anantnag, UT Jammu & Kashmir - 192129",RO-JAIPUR,JAIPUR,09,LOGRIPORA
24910,"PM-SHRI Jawahar Navodaya Vidyalaya Saliskote, Kargil, UT Ladakh- 194103",RO-JAIPUR,JAIPUR,35,SALISKOTE
24911,"PM-SHRI Jawahar Navodaya Vidyalaya Hatbara, Ganderbal, UT Jammu & Kashmir - 191131",RO-JAIPUR,JAIPUR,09,HATBARA
24912,"PM-SHRI Jawahar Navodaya Vidyalaya Arnora, Doda, UT Jammu & Kashmir - 182202",RO-JAIPUR,JAIPUR,09,ARNORA
24913,"PM-SHRI Jawahar Navodaya Vidyalaya Khanpora, Budgam, UT Jammu & Kashmir - 191111",RO-JAIPUR,JAIPUR,09,KHANPORA
24914,"PM-SHRI Jawahar Navodaya Vidyalaya Surankote, Poonch, UT Jammu & Kashmir - 185121",RO-JAIPUR,JAIPUR,09,SURANKOTE
24915,"Jawahar Navodaya Vidyalaya Sheikh Mohalla Bongam Kulgam, Kulgam, UT Jammu & Kashmir - 192231",RO-JAIPUR,JAIPUR,09,Sheikh Mohalla Bongam Kulgam
24954,"PM-SHRI Jawahar Navodaya Vidyalaya Nardi Bala, Jammu-II, UT Jammu & Kashmir - 181201",RO-JAIPUR,JAIPUR,09,Nardi Bala
29030,"PM-SHRI Jawahar Navodaya Vidyalaya Jaffarpur Kalan, South West Delhi (Jaffarpur Kalan), UT Delhi - 110073",RO-MUMBAI,MUMBAI,29,JAFFARPUR KALAN
30960,"PM-SHRI Jawahar Navodaya Vidyalaya Panchgaon, Bhandara, Maharashtra - 441905",RO-BHUBANESWAR,BHUBANESWAR,13,PANCHGAON
34021,"PM-SHRI Jawahar Navodaya Vidyalaya Kagal, Kolhapur, Maharashtra - 416216",RO-BHUBANESWAR,BHUBANESWAR,13,KAGAL
34042,"PM-SHRI Jawahar Navodaya Vidyalaya Navsari, Amravati, Maharashtra - 444604",RO-BHUBANESWAR,BHUBANESWAR,13,NAVSARI
34045,"PM-SHRI Jawahar Navodaya Vidyalaya Chincholirao Wadi, Latur, Maharashtra - 413531",RO-BHUBANESWAR,BHUBANESWAR,13,CHINCHOLIRAO WADI
34046,"PM-SHRI Jawahar Navodaya Vidyalaya Ghot, Gadchiroli, Maharashtra - 442604",RO-BHUBANESWAR,BHUBANESWAR,13,GHOT
34047,"PM-SHRI Jawahar Navodaya Vidyalaya Shankarnagar, Nanded, Maharashtra - 431736",RO-BHUBANESWAR,BHUBANESWAR,13,SHANKARNAGAR
34054,"PM-SHRI Jawahar Navodaya Vidyalaya Palghar, Palghar, Maharashtra - 401402",RO-BHUBANESWAR,BHUBANESWAR,13,PALGHAR
34055,"PM-SHRI Jawahar Navodaya Vidyalaya Tuljapur, Dharashiv (Osmanabad), Maharashtra - 413601",RO-BHUBANESWAR,BHUBANESWAR,13,TULJAPUR
34056,"PM-SHRI Jawahar Navodaya Vidyalaya Navegaon Khairi, Nagpur, Maharashtra - 441105",RO-BHUBANESWAR,BHUBANESWAR,13,NAVEGAON KHAIRI
34057,"PM-SHRI Jawahar Navodaya Vidyalaya Navegaon Bandh, Gondia, Maharashtra - 441702",RO-BHUBANESWAR,BHUBANESWAR,13,NAVEGAON BANDH
34058,"PM-SHRI Jawahar Navodaya Vidyalaya Khedgaon, Nasik, Maharashtra - 422205",RO-BHUBANESWAR,BHUBANESWAR,13,KHEDGAON
34059,"PM-SHRI Jawahar Navodaya Vidyalaya Chincholi, Buldana, Maharashtra - 444203",RO-BHUBANESWAR,BHUBANESWAR,13,CHINCHOLI
34062,"PM-SHRI Jawahar Navodaya Vidyalaya Selu Kate, Wardha, Maharashtra - 442001",RO-BHUBANESWAR,BHUBANESWAR,13,SELU KATE
34063,"PM-SHRI Jawahar Navodaya Vidyalaya Sakegaon, Jalgaon, Maharashtra - 425201",RO-BHUBANESWAR,BHUBANESWAR,13,SAKEGAON
34064,"PM-SHRI Jawahar Navodaya Vidyalaya Belora, Yavatmal, Maharashtra - 445301",RO-BHUBANESWAR,BHUBANESWAR,13,BELORA
34065,"PM-SHRI Jawahar Navodaya Vidyalaya Amba, Jalna, Maharashtra - 431501",RO-BHUBANESWAR,BHUBANESWAR,13,AMBA
34067,"PM-SHRI Jawahar Navodaya Vidyalaya Gadhi, Beed, Maharashtra - 431143",RO-BHUBANESWAR,BHUBANESWAR,13,GADHI
34068,"PM-SHRI Jawahar Navodaya Vidyalaya Talodhi(Ba.), Chandrapur, Maharashtra - 441221",RO-BHUBANESWAR,BHUBANESWAR,13,TALODHI(BA.)
34069,"PM-SHRI Jawahar Navodaya Vidyalaya Akkalkuwa, Nandurbar-I, Maharashtra - 425415",RO-BHUBANESWAR,BHUBANESWAR,13,AKKALKUWA
34070,"PM-SHRI Jawahar Navodaya Vidyalaya Takali Dhokeshwar, Ahmednagar, Maharashtra - 414304",RO-BHUBANESWAR,BHUBANESWAR,13,TAKALI DHOKESHWAR
34071,"PM-SHRI Jawahar Navodaya Vidyalaya Basmath, Hingoli, Maharashtra - 431512",RO-BHUBANESWAR,BHUBANESWAR,13,BASMATH
34073,"PM-SHRI Jawahar Navodaya Vidyalaya Palus, Sangli, Maharashtra - 416310",RO-BHUBANESWAR,BHUBANESWAR,13,PALUS
34078,"PM-SHRI Jawahar Navodaya Vidyalaya Kannad, Chhatrapati Sambhajinagar (Aurangabad), Maharashtra - 431103",RO-BHUBANESWAR,BHUBANESWAR,13,KANNAD
34079,"PM-SHRI Jawahar Navodaya Vidyalaya Padve, Ratnagiri, Maharashtra - 416702",RO-BHUBANESWAR,BHUBANESWAR,13,PADVE
34080,"PM-SHRI Jawahar Navodaya Vidyalaya Sangeli - Savarwad, Sindhudurg, Maharashtra - 416531",RO-BHUBANESWAR,BHUBANESWAR,13,SANGELI - SAVARWAD
34083,"PM-SHRI Jawahar Navodaya Vidyalaya Nizampur, Raigad, Maharashtra - 402120",RO-BHUBANESWAR,BHUBANESWAR,13,NIZAMPUR
34085,"PM-SHRI Jawahar Navodaya Vidyalaya Kshetramahuli, Satara, Maharashtra - 415003",RO-BHUBANESWAR,BHUBANESWAR,13,KSHETRAMAHULI
34086,"PM-SHRI Jawahar Navodaya Vidyalaya Pokharapur, Solapur, Maharashtra - 413248",RO-BHUBANESWAR,BHUBANESWAR,13,POKHARAPUR
34087,"PM-SHRI Jawahar Navodaya Vidyalaya Washim, Washim, Maharashtra - 444505",RO-BHUBANESWAR,BHUBANESWAR,13,WASHIM
34092,"PM-SHRI Jawahar Navodaya Vidyalaya Pimpale Jagtap, Pune, Maharashtra - 412208",RO-BHUBANESWAR,BHUBANESWAR,13,PIMPALE JAGTAP
34094,"PM-SHRI Jawahar Navodaya Vidyalaya Babhulgaon Jahangir, Akola, Maharashtra - 444104",RO-BHUBANESWAR,BHUBANESWAR,13,BABHULGAON JAHANGIR
34101,"PM-SHRI Jawahar Navodaya Vidyalaya Balsa, Parbhani, Maharashtra - 431402",RO-BHUBANESWAR,BHUBANESWAR,13,BALSA
34106,"PM-SHRI Jawahar Navodaya Vidyalaya Nakane, Dhule, Maharashtra - 424002",RO-BHUBANESWAR,BHUBANESWAR,13,NAKANE
34111,"PM-SHRI Jawahar Navodaya Vidyalaya Shrawani, Nandurbar II, Maharashtra - 425416",RO-BHUBANESWAR,BHUBANESWAR,13,SHRAWANI
34804,"PM-SHRI Jawahar Navodaya Vidyalaya Canacona, South Goa, Goa - 403702",RO-BHUBANESWAR,BHUBANESWAR,05,CANACONA
34807,"PM-SHRI Jawahar Navodaya Vidyalaya Valpoi, North Goa, Goa - 403506",RO-BHUBANESWAR,BHUBANESWAR,05,VALPOI
34901,"PM-SHRI Jawahar Navodaya Vidyalaya Bucharwada, Diu, UT Dadra & Nagar Haveli And Daman & Diu - 362570",RO-LUCKNOW,LUCKNOW,28,BUCHARWADA
34902,"PM-SHRI Jawahar Navodaya Vidyalaya Dunetha, Daman, UT Dadra & Nagar Haveli And Daman & Diu - 396210",RO-LUCKNOW,LUCKNOW,28,DUNETHA
34951,"PM-SHRI Jawahar Navodaya Vidyalaya Sili, Silvasa, UT Dadra & Nagar Haveli And Daman & Diu - 396230",RO-LUCKNOW,LUCKNOW,28,SILI
39189,"PM-SHRI Jawahar Navodaya Vidyalaya Megdong, Kamle (Upper Subansiri), Ar. Pradesh - 791122",RO-PATNA,PATNA,02,Megdong
39190,"PM-SHRI Jawahar Navodaya Vidyalaya Maselo, Lower Dibang Valley, Ar. Pradesh - 792110",RO-PATNA,PATNA,02,Maselo
39191,"PM-SHRI Jawahar Navodaya Vidyalaya Seppa, East Kameng, Ar. Pradesh - 790102",RO-PATNA,PATNA,02,Seppa
39192,"PM-SHRI Jawahar Navodaya Vidyalaya Mahadevpur, Namsai (Lohit), Ar. Pradesh - 792105",RO-PATNA,PATNA,02,MAHADEVPUR
39193,"PM-SHRI Jawahar Navodaya Vidyalaya Khapcho, Longding, Ar. Pradesh - 792131",RO-PATNA,PATNA,02,Khapcho
39194,"PM-SHRI Jawahar Navodaya Vidyalaya Gorpudung, Tawang, Ar. Pradesh - 790104",RO-PATNA,PATNA,02,Gorpudung
39195,"PM-SHRI Jawahar Navodaya Vidyalaya Yachuli, Lower Subansiri, Ar. Pradesh - 791120",RO-PATNA,PATNA,02,Yachuli
39196,"PM-SHRI Jawahar Navodaya Vidyalaya Goju, Changlang, Ar. Pradesh - 792056",RO-PATNA,PATNA,02,Goju
39197,"PM-SHRI Jawahar Navodaya Vidyalaya Gumto, Papumpare, Ar. Pradesh - 791112",RO-PATNA,PATNA,02,Gumto
39198,"PM-SHRI Jawahar Navodaya Vidyalaya Kombo, West Siang, Ar. Pradesh - 791001",RO-PATNA,PATNA,02,Kombo
39199,"Jawahar Navodaya Vidyalaya Geku, Upper Siang, Ar. Pradesh - 791002",RO-PATNA,PATNA,02,Geku
39200,"PM-SHRI Jawahar Navodaya Vidyalaya Mone Village, East Siang, Ar. Pradesh - 791102",RO-PATNA,PATNA,02,Mone village
39201,"PM-SHRI Jawahar Navodaya Vidyalaya Khellong, West Kameng, Ar. Pradesh - 790001",RO-PATNA,PATNA,02,Khellong
39202,"Jawahar Navodaya Vidyalaya Palin, K. Khumey, Ar. Pradesh - 791118",RO-PATNA,PATNA,02,Palin
39203,"PM-SHRI Jawahar Navodaya Vidyalaya Hawai, Anjaw, Ar. Pradesh - 792106",RO-PATNA,PATNA,02,Hawai
39204,"PM-SHRI Jawahar Navodaya Vidyalaya Angulin, Dibang Valley, Ar. Pradesh - 792101",RO-PATNA,PATNA,02,Angulin
39234,"PM-SHRI Jawahar Navodaya Vidyalaya Harinagar, Sribhumi (Karimganj), Assam - 788734",RO-PATNA,PATNA,03,HARINAGAR
39235,"PM-SHRI Jawahar Navodaya Vidyalaya Hariandab, Kamrup, Assam - 781365",RO-PATNA,PATNA,03,HARIANDAB
39236,"PM-SHRI Jawahar Navodaya Vidyalaya Danguapara, Nalbari, Assam - 781340",RO-PATNA,PATNA,03,DANGUAPARA
39237,"PM-SHRI Jawahar Navodaya Vidyalaya Tomtomtola, Sibasagar, Assam - 785685",RO-PATNA,PATNA,03,Tomtomtola
39238,"PM-SHRI Jawahar Navodaya Vidyalaya Kadamani, Biswanath (Sonitpur Old), Assam - 784176",RO-PATNA,PATNA,03,Kadamani
39239,"PM-SHRI Jawahar Navodaya Vidyalaya Pailapool, Cachar, Assam - 788098",RO-PATNA,PATNA,03,PAILAPOOL
39240,"PM-SHRI Jawahar Navodaya Vidyalaya Bojalbori, Jorhat, Assam - 785630",RO-PATNA,PATNA,03,Bojalbori
39241,"PM-SHRI Jawahar Navodaya Vidyalaya Ranchaidham, Kokrajhar, Assam - 783372",RO-PATNA,PATNA,03,Ranchaidham
39242,"PM-SHRI Jawahar Navodaya Vidyalaya Sera Anglong ( Taralangso Road), Karbi Anglong-I, Assam - 782462",RO-PATNA,PATNA,03,Sera Anglong ( Taralangso Road)
39243,"PM-SHRI Jawahar Navodaya Vidyalaya Udmari, Darrang, Assam - 784525",RO-PATNA,PATNA,03,UDMARI
39244,"PM-SHRI Jawahar Navodaya Vidyalaya Chinatolly, Golaghat, Assam - 785622",RO-PATNA,PATNA,03,Chinatolly
39245,"PM-SHRI Jawahar Navodaya Vidyalaya Doomar Dallong, Dibrugarh, Assam - 786613",RO-PATNA,PATNA,03,Doomar Dallong
39246,"PM-SHRI Jawahar Navodaya Vidyalaya Rangajan, Tinsukia, Assam - 786153",RO-PATNA,PATNA,03,RANGAJAN
39247,"PM-SHRI Jawahar Navodaya Vidyalaya Baregaon, Barpeta, Assam - 781317",RO-PATNA,PATNA,03,Baregaon
39248,"PM-SHRI Jawahar Navodaya Vidyalaya Doloichuba, Morigaon, Assam - 782105",RO-PATNA,PATNA,03,Doloichuba
39249,"PM-SHRI Jawahar Navodaya Vidyalaya Choudhapunia, Lakhimpur, Assam - 784164",RO-PATNA,PATNA,03,CHOUDHAPUNIA
39250,"PM-SHRI Jawahar Navodaya Vidyalaya Thekasu Part-II, Goalpara, Assam - 783124",RO-PATNA,PATNA,03,THEKASU PART-II
39251,"PM-SHRI Jawahar Navodaya Vidyalaya Monacherra, Hailakandi, Assam - 788164",RO-PATNA,PATNA,03,MONACHERRA
39252,"PM-SHRI Jawahar Navodaya Vidyalaya Khamarguri, Chirang, Assam - 783393",RO-PATNA,PATNA,03,Khamarguri
39253,"PM-SHRI Jawahar Navodaya Vidyalaya Bishnupur(Kalita Gaon), Dhemaji, Assam - 787057",RO-PATNA,PATNA,03,BISHNUPUR(KALITA GAON)
39254,"PM-SHRI Jawahar Navodaya Vidyalaya Kashidoba, Bongaigaon, Assam - 783380",RO-PATNA,PATNA,03,KASHIDOBA
39255,"PM-SHRI Jawahar Navodaya Vidyalaya Lahkarghat, Nagaon, Assam - 782123",RO-PATNA,PATNA,03,Lahkarghat
39256,"PM-SHRI Jawahar Navodaya Vidyalaya Hojai, Dima Hasao, Assam - 788819",RO-PATNA,PATNA,03,HOJAI
39257,"PM-SHRI Jawahar Navodaya Vidyalaya Sonaigaon, Udalguri, Assam - 784509",RO-PATNA,PATNA,03,Sonaigaon
39258,"PM-SHRI Jawahar Navodaya Vidyalaya Adalbari, Baksa, Assam - 781372",RO-PATNA,PATNA,03,ADALBARI
39259,"PM-SHRI Jawahar Navodaya Vidyalaya Alomganj Part Ix, Dhubri, Assam - 783339",RO-PATNA,PATNA,03,ALOMGANJ Part IX
39260,"PM-SHRI Jawahar Navodaya Vidyalaya Kutharbhangla, Longjap, Karbi Anglong-II, Assam - 782450",RO-PATNA,PATNA,03,"Kutharbhangla, longjap"
39319,"PM-SHRI Jawahar Navodaya Vidyalaya Amnagar Williamnagar, East Garo Hills, Meghalaya - 794111",RO-PATNA,PATNA,15,Amnagar Williamnagar
39320,"PM-SHRI Jawahar Navodaya Vidyalaya Ampanggre, South Garo Hills, Meghalaya - 794102",RO-PATNA,PATNA,15,Ampanggre
39321,"PM-SHRI Jawahar Navodaya Vidyalaya Niangbarithem, Ri-Bhoi, Meghalaya - 793102",RO-PATNA,PATNA,15,NIANGBARITHEM
39322,"PM-SHRI Jawahar Navodaya Vidyalaya Mukhla, West Jaintia Hills, Meghalaya - 793151",RO-PATNA,PATNA,15,Mukhla
39323,"PM-SHRI Jawahar Navodaya Vidyalaya Nongpyndeng, Lad Nongsba, West Khasi Hills, Meghalaya - 793119",RO-PATNA,PATNA,15,"Nongpyndeng, Lad Nongsba"
39324,"PM-SHRI Jawahar Navodaya Vidyalaya Kendrikona, South West Garo Hills, Meghalaya - 794106",RO-PATNA,PATNA,15,Kendrikona
39325,"PM-SHRI Jawahar Navodaya Vidyalaya Mawphlang, East Khasi Hills -I, Meghalaya - 793121",RO-PATNA,PATNA,15,Mawphlang
39326,"Jawahar Navodaya Vidyalaya Mawsynram, East Khasi Hills -II, Meghalaya - 793113",RO-PATNA,PATNA,15,Mawsynram
39336,"PM-SHRI Jawahar Navodaya Vidyalaya Bishnupur, Bishnupur, Manipur - 795126",RO-PATNA,PATNA,14,BISHNUPUR
39337,"PM-SHRI Jawahar Navodaya Vidyalaya Umathel, Kakching (Thoubal), Manipur - 795103",RO-PATNA,PATNA,14,UMATHEL
39338,"PM-SHRI Jawahar Navodaya Vidyalaya Tuinom , Churachandpur, Manipur - 795128",RO-PATNA,PATNA,14,Tuinom
39339,"PM-SHRI Jawahar Navodaya Vidyalaya Pfukhro Mao, Senapati-I, Manipur - 795150",RO-PATNA,PATNA,14,PFUKHRO MAO
39340,"PM-SHRI Jawahar Navodaya Vidyalaya Ukhrul, Ukhrul I, Manipur - 795145",RO-PATNA,PATNA,14,UKHRUL
39341,"PM-SHRI Jawahar Navodaya Vidyalaya Khumbong, Imphal West, Manipur - 795113",RO-PATNA,PATNA,14,KHUMBONG
39342,"PM-SHRI Jawahar Navodaya Vidyalaya Liwa Khullen Sarei, Chandel, Manipur - 795127",RO-PATNA,PATNA,14,LIWA KHULLEN SAREI
39343,"PM-SHRI Jawahar Navodaya Vidyalaya Duigailong , Tamenglong, Manipur - 795141",RO-PATNA,PATNA,14,Duigailong
39344,"PM-SHRI Jawahar Navodaya Vidyalaya Yaralpat, East Imphal, Manipur - 795005",RO-PATNA,PATNA,14,YARALPAT
39345,"Jawahar Navodaya Vidyalaya Jessami, Ukhrul II, Manipur - 795142",RO-PATNA,PATNA,14,JESSAMI
39346,"PM-SHRI Jawahar Navodaya Vidyalaya Kholjang, Kangpokpi-I (Senapati II), Manipur - 795122",RO-PATNA,PATNA,14,KHOLJANG
39355,"PM-SHRI Jawahar Navodaya Vidyalaya Thenzawl, Serchip, Mizoram - 796186",RO-PATNA,PATNA,16,Thenzawl
39357,"PM-SHRI Jawahar Navodaya Vidyalaya Khawzawl, Champhai, Mizoram - 796310",RO-PATNA,PATNA,16,Khawzawl
39358,"PM-SHRI Jawahar Navodaya Vidyalaya Thingdawl, Kolasib, Mizoram - 796081",RO-PATNA,PATNA,16,Thingdawl
39359,"PM-SHRI Jawahar Navodaya Vidyalaya Luangpawl, Mamit, Mizoram - 796441",RO-PATNA,PATNA,16,Luangpawl
39360,"PM-SHRI Jawahar Navodaya Vidyalaya Pukpui, Lunglei, Mizoram - 796691",RO-PATNA,PATNA,16,Pukpui
39361,"PM-SHRI Jawahar Navodaya Vidyalaya Sihtlangpui, Lawngtalai, Mizoram - 796891",RO-PATNA,PATNA,16,Sihtlangpui
39369,"PM-SHRI Jawahar Navodaya Vidyalaya Chare, Tuensang, Nagaland - 798601",RO-PATNA,PATNA,17,Chare
39370,"PM-SHRI Jawahar Navodaya Vidyalaya P Khel, Kohima, Nagaland - 797001",RO-PATNA,PATNA,17,P Khel
39371,"PM-SHRI Jawahar Navodaya Vidyalaya Chukitong, Wokha, Nagaland - 797111",RO-PATNA,PATNA,17,CHUKITONG
39372,"PM-SHRI Jawahar Navodaya Vidyalaya Lewoza, Phek, Nagaland - 797107",RO-PATNA,PATNA,17,Lewoza
39373,"PM-SHRI Jawahar Navodaya Vidyalaya Longnak, Mokokchung, Nagaland - 798604",RO-PATNA,PATNA,17,Longnak
39374,"PM-SHRI Jawahar Navodaya Vidyalaya Wakching, Mon, Nagaland - 798621",RO-PATNA,PATNA,17,WAKCHING
39375,"PM-SHRI Jawahar Navodaya Vidyalaya Nihokhu, Dimapur, Nagaland - 797103",RO-PATNA,PATNA,17,NIHOKHU
39376,"PM-SHRI Jawahar Navodaya Vidyalaya Jalukie 'B', Peren, Nagaland - 797110",RO-PATNA,PATNA,17,Jalukie 'B'
39377,"PM-SHRI Jawahar Navodaya Vidyalaya Lumami, Zunheboto, Nagaland - 798627",RO-PATNA,PATNA,17,LUMAMI
39378,"Jawahar Navodaya Vidyalaya Kiphire , Kiphire, Nagaland - 798611",RO-PATNA,PATNA,17,Kiphire
39379,"PM-SHRI Jawahar Navodaya Vidyalaya Tangha, Longleng, Nagaland - 798625",RO-PATNA,PATNA,17,Tangha
39580,"PM-SHRI Jawahar Navodaya Vidyalaya Rothak, Soreng (West Sikkim), Sikkim - 737121",RO-PATNA,PATNA,21,Rothak
39581,"PM-SHRI Jawahar Navodaya Vidyalaya Phodong, Mangan (North Sikkim), Sikkim - 737116",RO-PATNA,PATNA,21,Phodong
39582,"PM-SHRI Jawahar Navodaya Vidyalaya Ravangla, Namchi (South Sikkim), Sikkim - 737139",RO-PATNA,PATNA,21,Ravangla
39583,"PM-SHRI Jawahar Navodaya Vidyalaya Raigoan, Pakyong (East Sikkim), Sikkim - 767301",RO-PATNA,PATNA,21,RAIGOAN
39586,"PM-SHRI Jawahar Navodaya Vidyalaya Uttar Ramchandraghat, Khowai, Tripura - 799207",RO-PATNA,PATNA,23,Uttar Ramchandraghat
39587,"PM-SHRI Jawahar Navodaya Vidyalaya Kunjaban, Gomti Tripura, Tripura - 799013",RO-PATNA,PATNA,23,KUNJABAN
39588,"PM-SHRI Jawahar Navodaya Vidyalaya Kanchancherra , Dhalai, Tripura - 799266",RO-PATNA,PATNA,23,Kanchancherra
39589,"PM-SHRI Jawahar Navodaya Vidyalaya Kherengjuri, North Tripura, Tripura - 799262",RO-PATNA,PATNA,23,Kherengjuri
39607,"PM-SHRI Jawahar Navodaya Vidyalaya Thingsulthliah, Aizawl, Mizoram - 796161",RO-PATNA,PATNA,16,Thingsulthliah
39615,"Jawahar Navodaya Vidyalaya Rymbai, East Jaintia Hills, Meghalaya - 793160",RO-PATNA,PATNA,15,RYMBAI
39618,"PM-SHRI Jawahar Navodaya Vidyalaya Takarjala, Sepahijala, Tripura - 799011",RO-PATNA,PATNA,23,Takarjala
39650,"PM-SHRI Jawahar Navodaya Vidyalaya Baspadua, South Tripura, Tripura - 799155",RO-PATNA,PATNA,23,BASPADUA
39703,"Jawahar Navodaya Vidyalaya Laxmipur, Unakoti, Tripura - 799263",RO-PATNA,PATNA,23,LAXMIPUR
39704,"Jawahar Navodaya Vidyalaya Rangacherra, West Tripura, Tripura - 799211",RO-PATNA,PATNA,23,RANGACHERRA
39706,"Jawahar Navodaya Vidyalaya Mawlangwir, South West Khasi Hills, Meghalaya - 793114",RO-PATNA,PATNA,15,Mawlangwir
39708,"Jawahar Navodaya Vidyalaya Kheti Village, Tirap, Ar. Pradesh - 792130",RO-PATNA,PATNA,02,Kheti Village
39714,"Jawahar Navodaya Vidyalaya Raja Apal, North Garo Hills, Meghalaya - 794002",RO-PATNA,PATNA,15,Raja apal
39715,"Jawahar Navodaya Vidyalaya Bandukmali, West Garo Hills, Meghalaya - 794109",RO-PATNA,PATNA,15,Bandukmali
44501,"PM-SHRI Jawahar Navodaya Vidyalaya Naultha, Panipat, Haryana - 132145",RO-MUMBAI,MUMBAI,07,NAULTHA
44502,"PM-SHRI Jawahar Navodaya Vidyalaya Kaloi, Jhajjar, Haryana - 124104",RO-MUMBAI,MUMBAI,07,KALOI
44503,"PM-SHRI Jawahar Navodaya Vidyalaya Pabra, Hissar, Haryana - 125112",RO-MUMBAI,MUMBAI,07,PABRA
44504,"PM-SHRI Jawahar Navodaya Vidyalaya Khunga Kothi, Jind, Haryana - 126110",RO-MUMBAI,MUMBAI,07,KHUNGA KOTHI
44505,"PM-SHRI Jawahar Navodaya Vidyalaya Odhan, Sirsa, Haryana - 125077",RO-MUMBAI,MUMBAI,07,ODHAN
44506,"PM-SHRI Jawahar Navodaya Vidyalaya Kareera, Mohindergarh, Haryana - 123027",RO-MUMBAI,MUMBAI,07,KAREERA
44507,"PM-SHRI Jawahar Navodaya Vidyalaya Butana, Sonepat, Haryana - 131302",RO-MUMBAI,MUMBAI,07,BUTANA
44508,"PM-SHRI Jawahar Navodaya Vidyalaya Titram, Kaithal, Haryana - 136027",RO-MUMBAI,MUMBAI,07,TITRAM
44509,"PM-SHRI Jawahar Navodaya Vidyalaya Devrala , Bhiwani, Haryana - 127029",RO-MUMBAI,MUMBAI,07,DEVRALA
44510,"PM-SHRI Jawahar Navodaya Vidyalaya Mothuka, Faridabad, Haryana - 121101",RO-MUMBAI,MUMBAI,07,MOTHUKA
44511,"PM-SHRI Jawahar Navodaya Vidyalaya Niwarsi, Kurukshetra, Haryana - 136132",RO-MUMBAI,MUMBAI,07,Niwarsi
44512,"PM-SHRI Jawahar Navodaya Vidyalaya Naichana, Rewari, Haryana - 123501",RO-MUMBAI,MUMBAI,07,NAICHANA
44513,"PM-SHRI Jawahar Navodaya Vidyalaya Bai, Nuh, Haryana - 122107",RO-MUMBAI,MUMBAI,07,Bai
44514,"PM-SHRI Jawahar Navodaya Vidyalaya Mouli, Panchkula, Haryana - 134118",RO-MUMBAI,MUMBAI,07,MOULI
44515,"PM-SHRI Jawahar Navodaya Vidyalaya Sagga, Karnal, Haryana - 132001",RO-MUMBAI,MUMBAI,07,Sagga
44516,"PM-SHRI Jawahar Navodaya Vidyalaya Kaulan, Ambala, Haryana - 134005",RO-MUMBAI,MUMBAI,07,KAULAN
44517,"PM-SHRI Jawahar Navodaya Vidyalaya Chuharpur Kalan (Gulabgarh), Yamunanagar, Haryana - 135106",RO-MUMBAI,MUMBAI,07,CHUHARPUR KALAN (GULABGARH)
44518,"PM-SHRI Jawahar Navodaya Vidyalaya Ghuskani, Rohtak, Haryana - 124303",RO-MUMBAI,MUMBAI,07,GHUSKANI
44519,"PM-SHRI Jawahar Navodaya Vidyalaya Khara Kheri, Fatehabad, Haryana - 125048",RO-MUMBAI,MUMBAI,07,KHARA KHERI
44520,"PM-SHRI Jawahar Navodaya Vidyalaya Mohammadpur, Gurugram, Haryana - 122506",RO-MUMBAI,MUMBAI,07,MOHAMMADPUR
44600,"PM-SHRI Jawahar Navodaya Vidyalaya Rasulpur, Palwal, Haryana - 121102",RO-MUMBAI,MUMBAI,07,Rasulpur
44801,"PM-SHRI Jawahar Navodaya Vidyalaya Pekhubela, Una, Himachal Pradesh - 174303",RO-JAIPUR,JAIPUR,08,PEKHUBELA
44802,"PM-SHRI Jawahar Navodaya Vidyalaya Seyogi, Mandi, Himachal Pradesh - 175124",RO-JAIPUR,JAIPUR,08,SEYOGI
44803,"PM-SHRI Jawahar Navodaya Vidyalaya Judda Ka Johar, Sirmour, Himachal Pradesh - 173001",RO-JAIPUR,JAIPUR,08,JUDDA KA JOHAR
44804,"PM-SHRI Jawahar Navodaya Vidyalaya Reckong Peo, Kinnaur, Himachal Pradesh - 172107",RO-JAIPUR,JAIPUR,08,RECKONG PEO
44805,"PM-SHRI Jawahar Navodaya Vidyalaya Sarol, Chamba, Himachal Pradesh - 176310",RO-JAIPUR,JAIPUR,08,Sarol
44806,"PM-SHRI Jawahar Navodaya Vidyalaya Deorighat , Shimla, Himachal Pradesh - 171201",RO-JAIPUR,JAIPUR,08,Deorighat
44807,"PM-SHRI Jawahar Navodaya Vidyalaya Dungrin, Hamirpur, Himachal Pradesh - 176045",RO-JAIPUR,JAIPUR,08,DUNGRIN
44808,"PM-SHRI Jawahar Navodaya Vidyalaya Pantehar, Kangra, Himachal Pradesh - 176115",RO-JAIPUR,JAIPUR,08,PANTEHAR
44809,"PM-SHRI Jawahar Navodaya Vidyalaya Kothipura, Bilaspur, Himachal Pradesh - 174001",RO-JAIPUR,JAIPUR,08,KOTHIPURA
44810,"PM-SHRI Jawahar Navodaya Vidyalaya Baniya Devi, Solan, Himachal Pradesh - 173207",RO-JAIPUR,JAIPUR,08,BANIYA DEVI
44811,"PM-SHRI Jawahar Navodaya Vidyalaya Lari, Lahaul & Spiti, Himachal Pradesh - 172113",RO-JAIPUR,JAIPUR,08,Lari
44812,"PM-SHRI Jawahar Navodaya Vidyalaya Bandrol, Kullu, Himachal Pradesh - 175128",RO-JAIPUR,JAIPUR,08,BANDROL
49022,"PM-SHRI Jawahar Navodaya Vidyalaya Shivaragudda, Mandya, Karnataka - 571419",RO-HYDERABAD,HYDERABAD,10,Shivaragudda
49023,"PM-SHRI Jawahar Navodaya Vidyalaya Gajanuru, Shimoga, Karnataka - 577202",RO-HYDERABAD,HYDERABAD,10,GAJANURU
49025,"PM-SHRI Jawahar Navodaya Vidyalaya Bashettihalli, Bangalore Rural, Karnataka - 562163",RO-HYDERABAD,HYDERABAD,10,BASHETTIHALLI
49028,"PM-SHRI Jawahar Navodaya Vidyalaya Yenigadale, Chikkaballapura, Karnataka - 563125",RO-HYDERABAD,HYDERABAD,10,YENIGADALE
49032,"PM-SHRI Jawahar Navodaya Vidyalaya Hothpet, Yadgiri, Karnataka - 585287",RO-HYDERABAD,HYDERABAD,10,HOTHPET
49033,"PM-SHRI Jawahar Navodaya Vidyalaya Kuknoor, Koppal, Karnataka - 583232",RO-HYDERABAD,HYDERABAD,10,KUKNOOR
49034,"PM-SHRI Jawahar Navodaya Vidyalaya Seegodu, Chikmagalur, Karnataka - 577112",RO-HYDERABAD,HYDERABAD,10,SEEGODU
49036,"PM-SHRI Jawahar Navodaya Vidyalaya Kyarakoppa, Dharwad, Karnataka - 580007",RO-HYDERABAD,HYDERABAD,10,KYARAKOPPA
49037,"PM-SHRI Jawahar Navodaya Vidyalaya Mavinakere, Hassan, Karnataka - 573211",RO-HYDERABAD,HYDERABAD,10,MAVINAKERE
49038,"PM-SHRI Jawahar Navodaya Vidyalaya Galibeedu, Kodagu, Karnataka - 571201",RO-HYDERABAD,HYDERABAD,10,GALIBEEDU
49039,"PM-SHRI Jawahar Navodaya Vidyalaya Narayanpur, Bidar, Karnataka - 585327",RO-HYDERABAD,HYDERABAD,10,NARAYANPUR
49044,"PM-SHRI Jawahar Navodaya Vidyalaya Kothali, Belagavi, Karnataka - 591287",RO-HYDERABAD,HYDERABAD,10,KOTHALI
49045,"PM-SHRI Jawahar Navodaya Vidyalaya Chikkajogihalli, Bellary, Karnataka - 583126",RO-HYDERABAD,HYDERABAD,10,CHIKKAJOGIHALLI
49046,"PM-SHRI Jawahar Navodaya Vidyalaya Hondarabalu, Chamarajnagar, Karnataka - 571342",RO-HYDERABAD,HYDERABAD,10,HONDARABALU
49047,"PM-SHRI Jawahar Navodaya Vidyalaya Uduvalli, Chitradurga, Karnataka - 577598",RO-HYDERABAD,HYDERABAD,10,UDUVALLI
49048,"PM-SHRI Jawahar Navodaya Vidyalaya Gollahalli, Tumkur, Karnataka - 572140",RO-HYDERABAD,HYDERABAD,10,GOLLAHALLI
49050,"PM-SHRI Jawahar Navodaya Vidyalaya Malgi, Uttara Kannada, Karnataka - 581346",RO-HYDERABAD,HYDERABAD,10,MALGI
49051,"PM-SHRI Jawahar Navodaya Vidyalaya Almatti Dam Site , Vijayapura (Bijapur), Karnataka - 586201",RO-HYDERABAD,HYDERABAD,10,ALMATTI DAM SITE
49057,"PM-SHRI Jawahar Navodaya Vidyalaya Chara, Udupi, Karnataka - 576112",RO-HYDERABAD,HYDERABAD,10,CHARA
49060,"PM-SHRI Jawahar Navodaya Vidyalaya Bagalur, Bangalore Urban, Karnataka - 562149",RO-HYDERABAD,HYDERABAD,10,BAGALUR
49065,"PM-SHRI Jawahar Navodaya Vidyalaya Kannapurhatti, Raichur, Karnataka - 584125",RO-HYDERABAD,HYDERABAD,10,KANNAPURHATTI
49066,"PM-SHRI Jawahar Navodaya Vidyalaya Koralhalli, Gadag, Karnataka - 582118",RO-HYDERABAD,HYDERABAD,10,KORALHALLI
49067,"PM-SHRI Jawahar Navodaya Vidyalaya Maharajpet, Haveri, Karnataka - 581104",RO-HYDERABAD,HYDERABAD,10,MAHARAJPET
49069,"PM-SHRI Jawahar Navodaya Vidyalaya Mudipu, Dakshina Kannada, Karnataka - 574153",RO-HYDERABAD,HYDERABAD,10,Mudipu
49070,"PM-SHRI Jawahar Navodaya Vidyalaya Devarahalli, Davangere, Karnataka - 577213",RO-HYDERABAD,HYDERABAD,10,DEVARAHALLI
49071,"PM-SHRI Jawahar Navodaya Vidyalaya Chirlakoppa, Bagalkot, Karnataka - 587155",RO-HYDERABAD,HYDERABAD,10,CHIRLAKOPPA
49073,"PM-SHRI Jawahar Navodaya Vidyalaya Dmg Halli, Mysuru, Karnataka - 570026",RO-HYDERABAD,HYDERABAD,10,DMG HALLI
49078,"PM-SHRI Jawahar Navodaya Vidyalaya Korwar, Kalaburagi-II, Karnataka - 585312",RO-HYDERABAD,HYDERABAD,10,KORWAR
49093,"PM-SHRI Jawahar Navodaya Vidyalaya Tadtegnoor, Kalaburagi-I, Karnataka - 585308",RO-HYDERABAD,HYDERABAD,10,TADTEGNOOR
49094,"PM-SHRI Jawahar Navodaya Vidyalaya Gangapura Gate, Kolar, Karnataka - 563104",RO-HYDERABAD,HYDERABAD,10,GANGAPURA GATE
49095,"Jawahar Navodaya Vidyalaya Shivanahalli, Bengaluru South (Ramnagara), Karnataka - 562117",RO-HYDERABAD,HYDERABAD,10,SHIVANAHALLI
50072,"PM-SHRI Jawahar Navodaya Vidyalaya Bisahi, Sheohar, Bihar - 843334",RO-BHOPAL,BHOPAL,04,BISAHI
51109,"PM-SHRI Jawahar Navodaya Vidyalaya Dungralalu, Jhabua - I, Madhya Pradesh - 457661",RO-CHANDIGARH,CHANDIGARH,12,DUNGRALALU
54016,"PM-SHRI Jawahar Navodaya Vidyalaya Murjhad, Balaghat, Madhya Pradesh - 481331",RO-CHANDIGARH,CHANDIGARH,12,MURJHAD
54017,"PM-SHRI Jawahar Navodaya Vidyalaya Prabhat Pattan, Betul, Madhya Pradesh - 460665",RO-CHANDIGARH,CHANDIGARH,12,PRABHAT PATTAN
54018,"PM-SHRI Jawahar Navodaya Vidyalaya Birkhadi, Bhind, Madhya Pradesh - 477335",RO-CHANDIGARH,CHANDIGARH,12,BIRKHADI
54019,"PM-SHRI Jawahar Navodaya Vidyalaya Ratibad, Bhopal, Madhya Pradesh- 462044",RO-CHANDIGARH,CHANDIGARH,12,RATIBAD
54020,"PM-SHRI Jawahar Navodaya Vidyalaya Nowgong , Chhatarpur, Madhya Pradesh - 471201",RO-CHANDIGARH,CHANDIGARH,12,NOWGONG
54021,"PM-SHRI Jawahar Navodaya Vidyalaya Singodi, Chhindwara, Madhya Pradesh - 480223",RO-CHANDIGARH,CHANDIGARH,12,SINGODI
54022,"PM-SHRI Jawahar Navodaya Vidyalaya Hatta, Damoh, Madhya Pradesh - 470775",RO-CHANDIGARH,CHANDIGARH,12,HATTA
54023,"PM-SHRI Jawahar Navodaya Vidyalaya Beekar, Datia, Madhya Pradesh - 475661",RO-CHANDIGARH,CHANDIGARH,12,BEEKAR
54024,"PM-SHRI Jawahar Navodaya Vidyalaya Hasyakhedi 2, Chandrashekhar Dam, Dewas, Madhya Pradesh - 455440",RO-CHANDIGARH,CHANDIGARH,12,"HASYAKHEDI 2, CHANDRASHEKHAR DAM"
54025,"PM-SHRI Jawahar Navodaya Vidyalaya Multhan, Dhar, Madhya Pradesh - 454660",RO-CHANDIGARH,CHANDIGARH,12,MULTHAN
54026,"PM-SHRI Jawahar Navodaya Vidyalaya Khiriya Devat , Ashoknagar, Madhya Pradesh - 473335",RO-CHANDIGARH,CHANDIGARH,12,KHIRIYA DEVAT
54027,"PM-SHRI Jawahar Navodaya Vidyalaya Pichhore, Gwalior, Madhya Pradesh - 475115",RO-CHANDIGARH,CHANDIGARH,12,PICHHORE
54028,"PM-SHRI Jawahar Navodaya Vidyalaya Pawarkheda, Narmadapuram (Hoshangabad), Madhya Pradesh - 461110",RO-CHANDIGARH,CHANDIGARH,12,PAWARKHEDA
54029,"PM-SHRI Jawahar Navodaya Vidyalaya Manpur, Indore, Madhya Pradesh - 453661",RO-CHANDIGARH,CHANDIGARH,12,MANPUR
54030,"PM-SHRI Jawahar Navodaya Vidyalaya Barginagar , Jabalpur, Madhya Pradesh - 482056",RO-CHANDIGARH,CHANDIGARH,12,BARGINAGAR
54031,"PM-SHRI Jawahar Navodaya Vidyalaya Alirajpur, Alirajpur, Madhya Pradesh - 457887",RO-CHANDIGARH,CHANDIGARH,12,ALIRAJPUR
54032,"PM-SHRI Jawahar Navodaya Vidyalaya Pandhana, Khandwa, Madhya Pradesh - 450661",RO-CHANDIGARH,CHANDIGARH,12,PANDHANA
54033,"PM-SHRI Jawahar Navodaya Vidyalaya Junapani, Khargone, Madhya Pradesh - 451111",RO-CHANDIGARH,CHANDIGARH,12,JUNAPANI
54034,"PM-SHRI Jawahar Navodaya Vidyalaya Rampura , Neemuch, Madhya Pradesh - 458118",RO-CHANDIGARH,CHANDIGARH,12,RAMPURA
54035,"PM-SHRI Jawahar Navodaya Vidyalaya Padmi, Mandla, Madhya Pradesh - 481661",RO-CHANDIGARH,CHANDIGARH,12,PADMI
54036,"PM-SHRI Jawahar Navodaya Vidyalaya Manpur, Morena, Madhya Pradesh - 476221",RO-CHANDIGARH,CHANDIGARH,12,MANPUR
54037,"PM-SHRI Jawahar Navodaya Vidyalaya Bohani, Narsinghpur, Madhya Pradesh - 487555",RO-CHANDIGARH,CHANDIGARH,12,BOHANI
54038,"PM-SHRI Jawahar Navodaya Vidyalaya Ramkhirya , Panna, Madhya Pradesh - 488001",RO-CHANDIGARH,CHANDIGARH,12,RAMKHIRYA
54039,"PM-SHRI Jawahar Navodaya Vidyalaya Kachnariya, Rajgarh, Madhya Pradesh - 465683",RO-CHANDIGARH,CHANDIGARH,12,KACHNARIYA
54040,"PM-SHRI Jawahar Navodaya Vidyalaya Naradkheda, Raisen, Madhya Pradesh - 464665",RO-CHANDIGARH,CHANDIGARH,12,NARADKHEDA
54041,"PM-SHRI Jawahar Navodaya Vidyalaya Kalukheda , Ratlam-I, Madhya Pradesh - 457340",RO-CHANDIGARH,CHANDIGARH,12,KALUKHEDA
54042,"PM-SHRI Jawahar Navodaya Vidyalaya Sirmour, Rewa, Madhya Pradesh - 486448",RO-CHANDIGARH,CHANDIGARH,12,SIRMOUR
54043,"PM-SHRI Jawahar Navodaya Vidyalaya Khurai, Sagar, Madhya Pradesh - 470117",RO-CHANDIGARH,CHANDIGARH,12,KHURAI
54044,"PM-SHRI Jawahar Navodaya Vidyalaya Rahikwara, Satna, Madhya Pradesh - 485446",RO-CHANDIGARH,CHANDIGARH,12,RAHIKWARA
54045,"PM-SHRI Jawahar Navodaya Vidyalaya Shyampur, Sehore, Madhya Pradesh - 466651",RO-CHANDIGARH,CHANDIGARH,12,SHYAMPUR
54046,"PM-SHRI Jawahar Navodaya Vidyalaya Amarkantak, Anuppur, Madhya Pradesh - 484886",RO-CHANDIGARH,CHANDIGARH,12,AMARKANTAK
54047,"PM-SHRI Jawahar Navodaya Vidyalaya Kanhiwada, Seoni, Madhya Pradesh - 480990",RO-CHANDIGARH,CHANDIGARH,12,KANHIWADA
54048,"PM-SHRI Jawahar Navodaya Vidyalaya Churhat, Sidhi, Madhya Pradesh - 486771",RO-CHANDIGARH,CHANDIGARH,12,CHURHAT
54049,"PM-SHRI Jawahar Navodaya Vidyalaya Arniyakala, Shajapur, Madhya Pradesh - 465333",RO-CHANDIGARH,CHANDIGARH,12,ARNIYAKALA
54050,PM-SHRI Jawahar Navodaya Vidyalaya Panghata (Narwar) Shivpuri Madhya Pradesh-473865,RO-CHANDIGARH,CHANDIGARH,12,JAIDA
54051,"PM-SHRI Jawahar Navodaya Vidyalaya Kundeshwar , Tikamgarh, Madhya Pradesh - 472005",RO-CHANDIGARH,CHANDIGARH,12,KUNDESHWAR
54052,"PM-SHRI Jawahar Navodaya Vidyalaya Ghattiya, Ujjain - I, Madhya Pradesh - 456550",RO-CHANDIGARH,CHANDIGARH,12,GHATTIYA
54053,"PM-SHRI Jawahar Navodaya Vidyalaya Shamshabad, Vidisha, Madhya Pradesh - 464111",RO-CHANDIGARH,CHANDIGARH,12,SHAMSHABAD
54054,"PM-SHRI Jawahar Navodaya Vidyalaya Jaida, Sheopur, Madhya Pradesh - 476337",RO-CHANDIGARH,CHANDIGARH,12,JAIDA
54055,"PM-SHRI Jawahar Navodaya Vidyalaya Badwara, Katni, Madhya Pradesh - 483773",RO-CHANDIGARH,CHANDIGARH,12,BADWARA
54056,"PM-SHRI Jawahar Navodaya Vidyalaya Charuwa, Harda, Madhya Pradesh - 461444",RO-CHANDIGARH,CHANDIGARH,12,CHARUWA
54057,"PM-SHRI Jawahar Navodaya Vidyalaya Laduna, Mandsaur, Madhya Pradesh - 458389",RO-CHANDIGARH,CHANDIGARH,12,LADUNA
54058,"PM-SHRI Jawahar Navodaya Vidyalaya Dhamangaon, Dindori, Madhya Pradesh - 481879",RO-CHANDIGARH,CHANDIGARH,12,DHAMANGAON
54059,"PM-SHRI Jawahar Navodaya Vidyalaya Ozhar, Barwani, Madhya Pradesh - 451449",RO-CHANDIGARH,CHANDIGARH,12,OZHAR
54060,"PM-SHRI Jawahar Navodaya Vidyalaya Mau, Shahdol, Madhya Pradesh - 484774",RO-CHANDIGARH,CHANDIGARH,12,MAU
54061,"PM-SHRI Jawahar Navodaya Vidyalaya Bajranggarh, Guna, Madhya Pradesh - 473249",RO-CHANDIGARH,CHANDIGARH,12,BAJRANGGARH
54062,"PM-SHRI Jawahar Navodaya Vidyalaya Loni, Burhanpur, Madhya Pradesh - 450331",RO-CHANDIGARH,CHANDIGARH,12,LONI
54063,"PM-SHRI Jawahar Navodaya Vidyalaya Pali-Dubbar, Umaria, Madhya Pradesh - 484660",RO-CHANDIGARH,CHANDIGARH,12,PALI-DUBBAR
54064,"PM-SHRI Jawahar Navodaya Vidyalaya Machhlaimata, Jhabua - II, Madhya Pradesh - 457777",RO-CHANDIGARH,CHANDIGARH,12,Machhlaimata
54065,"PM-SHRI Jawahar Navodaya Vidyalaya Buranabad, Ujjain - II, Madhya Pradesh - 456224",RO-CHANDIGARH,CHANDIGARH,12,BURANABAD
54161,"PM-SHRI Jawahar Navodaya Vidyalaya Aakali, Agar Malwa, Madhya Pradesh - 464447",RO-CHANDIGARH,CHANDIGARH,12,AAKALI
54205,"Jawahar Navodaya Vidyalaya Pachaur , Singrauli, Madhya Pradesh - 486887",RO-CHANDIGARH,CHANDIGARH,12,PACHAUR
54260,"PM-SHRI Jawahar Navodaya Vidyalaya Khamriya, Ratlam-II, Madhya Pradesh - 457114",RO-CHANDIGARH,CHANDIGARH,12,KHAMRIYA
59201,"PM-SHRI Jawahar Navodaya Vidyalaya Pandakkal, Mahe, UT Puducherry - 673310",RO-HYDERABAD,HYDERABAD,31,PANDAKKAL
59204,"PM-SHRI Jawahar Navodaya Vidyalaya Periyakalapet, Puducherry, UT Puducherry - 605014",RO-HYDERABAD,HYDERABAD,31,PERIYAKALAPET
59205,"PM-SHRI Jawahar Navodaya Vidyalaya Rayanpalayam, Karaikal, UT Puducherry - 609609",RO-HYDERABAD,HYDERABAD,31,RAYANPALAYAM
59252,"PM-SHRI Jawahar Navodaya Vidyalaya Panchawati, North & Middle Andaman, UT Andaman & Nicobar - 744205",RO-HYDERABAD,HYDERABAD,26,PANCHAWATI
59253,"PM-SHRI Jawahar Navodaya Vidyalaya Arong, Nicobar (Car Nicobar), UT Andaman & Nicobar - 744301",RO-HYDERABAD,HYDERABAD,26,ARONG
59256,"Jawahar Navodaya Vidyalaya Chouldari, South Andaman, UT Andaman & Nicobar - 744103",RO-HYDERABAD,HYDERABAD,26,CHOULDARI
59312,"PM-SHRI Jawahar Navodaya Vidyalaya Valasapalli, Annamayya (Chittoor), Andhra Pradesh - 517326",RO-HYDERABAD,HYDERABAD,01,VALASAPALLI
59317,"PM-SHRI Jawahar Navodaya Vidyalaya Maddirala, Palnadu (Guntur), Andhra Pradesh - 522616",RO-HYDERABAD,HYDERABAD,01,MADDIRALA
59318,"PM-SHRI Jawahar Navodaya Vidyalaya Kommadi, Visakhapatnam, Andhra Pradesh - 530048",RO-HYDERABAD,HYDERABAD,01,KOMMADI
59319,"PM-SHRI Jawahar Navodaya Vidyalaya Pedavegi, Eluru (West Godavari), Andhra Pradesh - 534435",RO-HYDERABAD,HYDERABAD,01,PEDAVEGI
59323,"PM-SHRI Jawahar Navodaya Vidyalaya Lepakshi, Sri Sathya Sai (Anantapur), Andhra Pradesh - 515331",RO-HYDERABAD,HYDERABAD,01,LEPAKSHI
59324,"PM-SHRI Jawahar Navodaya Vidyalaya Banavasi, Kurnool, Andhra Pradesh - 518360",RO-HYDERABAD,HYDERABAD,01,BANAVASI
59325,"PM-SHRI Jawahar Navodaya Vidyalaya Peddapuram, Kakinada (East Godavari-I), Andhra Pradesh - 533437",RO-HYDERABAD,HYDERABAD,01,PEDDAPURAM
59326,"PM-SHRI Jawahar Navodaya Vidyalaya Mettakur, Yanam, UT Puducherry - 533464",RO-HYDERABAD,HYDERABAD,31,METTAKUR
59327,"PM-SHRI Jawahar Navodaya Vidyalaya Kiltampalem, Vizianagaram, Andhra Pradesh - 535145",RO-HYDERABAD,HYDERABAD,01,KILTAMPALEM
59328,"PM-SHRI Jawahar Navodaya Vidyalaya Ongole, Prakasam-I, Andhra Pradesh - 523001",RO-HYDERABAD,HYDERABAD,01,ONGOLE
59329,"PM-SHRI Jawahar Navodaya Vidyalaya Naramraju Palli, Annamayya (Kadapa), Andhra Pradesh - 516150",RO-HYDERABAD,HYDERABAD,01,NARAMRAJU PALLI
59330,"PM-SHRI Jawahar Navodaya Vidyalaya Vennelavalasa, Srikakulam, Andhra Pradesh - 532458",RO-HYDERABAD,HYDERABAD,01,VENNELAVALASA
59331,"PM-SHRI Jawahar Navodaya Vidyalaya Krishnapuram, Nellore, Andhra Pradesh - 524230",RO-HYDERABAD,HYDERABAD,01,KRISHNAPURAM
59334,"PM-SHRI Jawahar Navodaya Vidyalaya Veleru, Krishna, Andhra Pradesh - 521110",RO-HYDERABAD,HYDERABAD,01,VELERU
59347,"PM-SHRI Jawahar Navodaya Vidyalaya Yetapaka, Alluri Sitharama Raju (East Godavari-II), Andhra Pradesh - 533352",RO-HYDERABAD,HYDERABAD,01,YETAPAKA
59348,"PM-SHRI Jawahar Navodaya Vidyalaya Kalujuvvala Padu, Prakasam-II, Andhra Pradesh - 523316",RO-HYDERABAD,HYDERABAD,01,KALUJUVVALA PADU
59519,"PM-SHRI Jawahar Navodaya Vidyalaya Nizamsagar, Kamareddy (Nizamabad), Telangana - 503302",RO-HYDERABAD,HYDERABAD,34,Nizamsagar
59522,"PM-SHRI Jawahar Navodaya Vidyalaya Palair, Khammam, Telangana - 507157",RO-HYDERABAD,HYDERABAD,34,PALAIR
59524,"PM-SHRI Jawahar Navodaya Vidyalaya Chalakurthy, Nalgonda, Telangana - 508202",RO-HYDERABAD,HYDERABAD,34,Chalakurthy
59525,"PM-SHRI Jawahar Navodaya Vidyalaya Kagaznagar, Kumuram Bheem Asifabad (Adilabad), Telangana - 504296",RO-HYDERABAD,HYDERABAD,34,KAGAZNAGAR
59526,"PM-SHRI Jawahar Navodaya Vidyalaya Wargal, Siddipet (Medak), Telangana- 502279",RO-HYDERABAD,HYDERABAD,34,WARGAL
59527,"PM-SHRI Jawahar Navodaya Vidyalaya Nallagandla, Ranga Reddy, Telangana - 500046",RO-HYDERABAD,HYDERABAD,34,NALLAGANDLA
59528,"PM-SHRI Jawahar Navodaya Vidyalaya Choppadandi, Karimnagar, Telangana - 505415",RO-HYDERABAD,HYDERABAD,34,CHOPPADANDI
59531,"PM-SHRI Jawahar Navodaya Vidyalaya Mamnoor , Warangal, Telangana - 506166",RO-HYDERABAD,HYDERABAD,34,MAMNOOR
59533,"PM-SHRI Jawahar Navodaya Vidyalaya Vattem, Nagarkurnool (Mahabubnagar), Telangana - 509203",RO-HYDERABAD,HYDERABAD,34,VATTEM
64033,"PM-SHRI Jawahar Navodaya Vidyalaya Nawabgarhi , Meerut, Uttar Pradesh - 250342",RO-PUNE,PUNE,24,NAWABGARHI
64034,"PM-SHRI Jawahar Navodaya Vidyalaya Buklana, Bulandshahr, Uttar Pradesh - 203403",RO-PUNE,PUNE,24,Buklana
64035,"PM-SHRI Jawahar Navodaya Vidyalaya Rafiyabad, Bareilly, Uttar Pradesh - 243501",RO-PUNE,PUNE,24,RAFIYABAD
64036,"PM-SHRI Jawahar Navodaya Vidyalaya Dhoom Manik Pur, G B Nagar, Uttar Pradesh - 203207",RO-PUNE,PUNE,24,DHOOM MANIK PUR
64037,"PM-SHRI Jawahar Navodaya Vidyalaya Kolara Kalan, Agra, Uttar Pradesh - 283111",RO-PUNE,PUNE,24,KOLARA KALAN
64038,"PM-SHRI Jawahar Navodaya Vidyalaya Paigaon, Mathura, Uttar Pradesh - 281401",RO-PUNE,PUNE,24,PAIGAON
64039,"PM-SHRI Jawahar Navodaya Vidyalaya Ahmedpur, Mainpuri, Uttar Pradesh - 205262",RO-PUNE,PUNE,24,AHMEDPUR
64040,"PM-SHRI Jawahar Navodaya Vidyalaya Begaur, Etah, Uttar Pradesh - 207001",RO-PUNE,PUNE,24,BEGAUR
64041,"PM-SHRI Jawahar Navodaya Vidyalaya Agsauli, Hathras, Uttar Pradesh - 204211",RO-PUNE,PUNE,24,AGSAULI
64042,"PM-SHRI Jawahar Navodaya Vidyalaya Guraiya Soyalpur, Firozabad, Uttar Pradesh - 283151",RO-PUNE,PUNE,24,GURAIYA SOYALPUR
64043,"PM-SHRI Jawahar Navodaya Vidyalaya Shivpuri, Pilibhit, Uttar Pradesh - 262001",RO-PUNE,PUNE,24,SHIVPURI
64044,"PM-SHRI Jawahar Navodaya Vidyalaya Hathura Bujurg, Shahjahanpur, Uttar Pradesh - 242306",RO-PUNE,PUNE,24,HATHURA BUJURG
64045,"PM-SHRI Jawahar Navodaya Vidyalaya Sujanpur, Aligarh, Uttar Pradesh - 202141",RO-PUNE,PUNE,24,SUJANPUR
64046,"PM-SHRI Jawahar Navodaya Vidyalaya Sharfabad , Baghpat, Uttar Pradesh - 250101",RO-PUNE,PUNE,24,SHARFABAD
64047,"PM-SHRI Jawahar Navodaya Vidyalaya Amirpur Badalya Kalchhina, Ghaziabad, Uttar Pradesh - 245304",RO-PUNE,PUNE,24,AMIRPUR BADALYA KALCHHINA
64048,"PM-SHRI Jawahar Navodaya Vidyalaya Thara Chitra, Kasganj, Uttar Pradesh - 207241",RO-PUNE,PUNE,24,THARA CHITRA
64049,"PM-SHRI Jawahar Navodaya Vidyalaya Bhainswal, Shamli, Uttar Pradesh - 247776",RO-PUNE,PUNE,24,BHAINSWAL
64153,"Jawahar Navodaya Vidyalaya Nawada, Hapur, Uttar Pradesh - 245101",RO-PUNE,PUNE,24,NAWADA
69012,"PM-SHRI Jawahar Navodaya Vidyalaya Vrindavan, West Champaran, Bihar - 845450",RO-BHOPAL,BHOPAL,04,VRINDAVAN
69013,"PM-SHRI Jawahar Navodaya Vidyalaya Jethian, Gaya-I, Bihar - 823311",RO-BHOPAL,BHOPAL,04,JETHIAN
69014,"PM-SHRI Jawahar Navodaya Vidyalaya Bihiya, Bhojpur, Bihar - 802152",RO-BHOPAL,BHOPAL,04,BIHIYA
69015,"PM-SHRI Jawahar Navodaya Vidyalaya Birauli, Samastipur, Bihar - 848113",RO-BHOPAL,BHOPAL,04,BIRAULI
69016,"PM-SHRI Jawahar Navodaya Vidyalaya Na, Begusarai, Bihar - 851129",RO-BHOPAL,BHOPAL,04,NA
69017,"PM-SHRI Jawahar Navodaya Vidyalaya Sheikhpura, Sheikhpura, Bihar - 811105",RO-BHOPAL,BHOPAL,04,SHEIKHPURA
69019,"PM-SHRI Jawahar Navodaya Vidyalaya Pacharhi, Darbhanga, Bihar - 847337",RO-BHOPAL,BHOPAL,04,PACHARHI
69020,"PM-SHRI Jawahar Navodaya Vidyalaya Shaktinagar, Banka, Bihar - 813104",RO-BHOPAL,BHOPAL,04,SHAKTINAGAR
69021,"PM-SHRI Jawahar Navodaya Vidyalaya Datiyana, Patna, Bihar - 801104",RO-BHOPAL,BHOPAL,04,DATIYANA
69022,"PM-SHRI Jawahar Navodaya Vidyalaya Pathra, Supaul, Bihar - 852131",RO-BHOPAL,BHOPAL,04,PATHRA
69025,"PM-SHRI Jawahar Navodaya Vidyalaya Rewar, Nawada, Bihar - 805132",RO-BHOPAL,BHOPAL,04,REWAR
69026,"PM-SHRI Jawahar Navodaya Vidyalaya Rajgir, Nalanda, Bihar - 803116",RO-BHOPAL,BHOPAL,04,RAJGIR
69027,"PM-SHRI Jawahar Navodaya Vidyalaya Kharaunadih, Muzaffarpur, Bihar - 843113",RO-BHOPAL,BHOPAL,04,KHARAUNADIH
69028,"PM-SHRI Jawahar Navodaya Vidyalaya Kolasi, Katihar, Bihar - 854106",RO-BHOPAL,BHOPAL,04,KOLASI
69031,"PM-SHRI Jawahar Navodaya Vidyalaya Mahinathpur, Madhubani, Bihar - 847236",RO-BHOPAL,BHOPAL,04,MAHINATHPUR
69033,"PM-SHRI Jawahar Navodaya Vidyalaya Barun, Aurangabad, Bihar - 824112",RO-BHOPAL,BHOPAL,04,BARUN
69035,"PM-SHRI Jawahar Navodaya Vidyalaya Wafapur Sharma, Vaishali, Bihar - 844123",RO-BHOPAL,BHOPAL,04,WAFAPUR SHARMA
69038,"PM-SHRI Jawahar Navodaya Vidyalaya Karmalihata, Siwan, Bihar - 841226",RO-BHOPAL,BHOPAL,04,KARMALIHATA
69039,"PM-SHRI Jawahar Navodaya Vidyalaya Deoti, Saran, Bihar - 841219",RO-BHOPAL,BHOPAL,04,DEOTI
69041,"PM-SHRI Jawahar Navodaya Vidyalaya Khairvi, Sitamarhi, Bihar - 843302",RO-BHOPAL,BHOPAL,04,KHAIRVI
69042,"PM-SHRI Jawahar Navodaya Vidyalaya Balesra, Gopalganj, Bihar - 841438",RO-BHOPAL,BHOPAL,04,BALESRA
69043,"Jawahar Navodaya Vidyalaya Sonvarshaghat, Khagaria, Bihar - 851201",RO-BHOPAL,BHOPAL,04,SONVARSHAGHAT
69044,"PM-SHRI Jawahar Navodaya Vidyalaya Chaurasia, Kaimur, Bihar - 821110",RO-BHOPAL,BHOPAL,04,CHAURASIA
69046,"PM-SHRI Jawahar Navodaya Vidyalaya Nawanagar, Buxar, Bihar - 802129",RO-BHOPAL,BHOPAL,04,NAWANAGAR
69047,"PM-SHRI Jawahar Navodaya Vidyalaya Bariyahi, Saharsa, Bihar - 852212",RO-BHOPAL,BHOPAL,04,BARIYAHI
69048,"PM-SHRI Jawahar Navodaya Vidyalaya Rahikpur , Araria, Bihar - 854312",RO-BHOPAL,BHOPAL,04,RAHIKPUR
69049,"PM-SHRI Jawahar Navodaya Vidyalaya Sukhasan, Madhepura, Bihar - 852128",RO-BHOPAL,BHOPAL,04,SUKHASAN
69052,"PM-SHRI Jawahar Navodaya Vidyalaya Piprakothi, East Champaran, Bihar - 845429",RO-BHOPAL,BHOPAL,04,PIPRAKOTHI
69053,"PM-SHRI Jawahar Navodaya Vidyalaya Ramnkabad, Munger, Bihar - 811213",RO-BHOPAL,BHOPAL,04,RAMNKABAD
69054,"PM-SHRI Jawahar Navodaya Vidyalaya Barhat, Jamui, Bihar - 811313",RO-BHOPAL,BHOPAL,04,BARHAT
69055,"PM-SHRI Jawahar Navodaya Vidyalaya Makpa, Jehanabad, Bihar - 804422",RO-BHOPAL,BHOPAL,04,MAKPA
69057,"PM-SHRI Jawahar Navodaya Vidyalaya Motihara, Kishanganj, Bihar - 855107",RO-BHOPAL,BHOPAL,04,MOTIHARA
69058,"PM-SHRI Jawahar Navodaya Vidyalaya Nagarpara, Bhagalpur, Bihar - 853203",RO-BHOPAL,BHOPAL,04,NAGARPARA
69071,"PM-SHRI Jawahar Navodaya Vidyalaya Nawadih, Rohtas, Bihar - 821301",RO-BHOPAL,BHOPAL,04,NAWADIH
69074,"PM-SHRI Jawahar Navodaya Vidyalaya Shivnagar, Arwal, Bihar - 804401",RO-BHOPAL,BHOPAL,04,SHIVNAGAR
69076,"PM-SHRI Jawahar Navodaya Vidyalaya Barahiya, Lakhisarai, Bihar - 811302",RO-BHOPAL,BHOPAL,04,BARAHIYA
69079,"PM-SHRI Jawahar Navodaya Vidyalaya Bajaura, Gaya-II, Bihar - 824220",RO-BHOPAL,BHOPAL,04,BAJAURA
69518,"PM-SHRI Jawahar Navodaya Vidyalaya Hansdiha, Dumka, Jharkhand - 814145",RO-BHOPAL,BHOPAL,22,HANSDIHA
69520,"PM-SHRI Jawahar Navodaya Vidyalaya Mesra, Ranchi, Jharkhand - 835215",RO-BHOPAL,BHOPAL,22,MESRA
69521,"PM-SHRI Jawahar Navodaya Vidyalaya Chhota Sijulata, Saraikela, Jharkhand - 832113",RO-BHOPAL,BHOPAL,22,CHHOTA SIJULATA
69522,"PM-SHRI Jawahar Navodaya Vidyalaya Jogna, Lohardaga, Jharkhand - 835302",RO-BHOPAL,BHOPAL,22,JOGNA
69523,"PM-SHRI Jawahar Navodaya Vidyalaya Belagahra, Gumla, Jharkhand - 835208",RO-BHOPAL,BHOPAL,22,BELAGAHRA
69525,"PM-SHRI Jawahar Navodaya Vidyalaya Dhankunda, Godda, Jharkhand - 814165",RO-BHOPAL,BHOPAL,22,DHANKUNDA
69528,"PM-SHRI Jawahar Navodaya Vidyalaya Bajkum, Latehar, Jharkhand - 829207",RO-BHOPAL,BHOPAL,22,BAJKUM
69529,"PM-SHRI Jawahar Navodaya Vidyalaya Lalpur, Giridih, Jharkhand - 815312",RO-BHOPAL,BHOPAL,22,LALPUR
69531,"PM-SHRI Jawahar Navodaya Vidyalaya Sahibganj, Sahebganj, Jharkhand - 816109",RO-BHOPAL,BHOPAL,22,SAHIBGANJ
69532,"PM-SHRI Jawahar Navodaya Vidyalaya Tenughat, Bokaro, Jharkhand - 829123",RO-BHOPAL,BHOPAL,22,TENUGHAT
69533,"PM-SHRI Jawahar Navodaya Vidyalaya Pao, Chatra, Jharkhand - 825401",RO-BHOPAL,BHOPAL,22,PAO
69534,"PM-SHRI Jawahar Navodaya Vidyalaya Bonga, Hazaribagh, Jharkhand - 825402",RO-BHOPAL,BHOPAL,22,BONGA
69536,"PM-SHRI Jawahar Navodaya Vidyalaya Rikhiya, Deoghar, Jharkhand - 814113",RO-BHOPAL,BHOPAL,22,RIKHIYA
69537,"PM-SHRI Jawahar Navodaya Vidyalaya Annraj Nawadih, Garhwa, Jharkhand - 822114",RO-BHOPAL,BHOPAL,22,ANNRAJ NAWADIH
69538,"PM-SHRI Jawahar Navodaya Vidyalaya Balikudia, East Singhbhum, Jharkhand - 832101",RO-BHOPAL,BHOPAL,22,BALIKUDIA
69539,"PM-SHRI Jawahar Navodaya Vidyalaya Puto, Koderma, Jharkhand - 825409",RO-BHOPAL,BHOPAL,22,PUTO
69540,"Jawahar Navodaya Vidyalaya Medininagar, Palamu-I, Jharkhand - 822101",RO-BHOPAL,BHOPAL,22,MEDININAGAR
69541,"PM-SHRI Jawahar Navodaya Vidyalaya Bistumpur, West Singhbhum, Jharkhand - 833202",RO-BHOPAL,BHOPAL,22,BISTUMPUR
69542,"PM-SHRI Jawahar Navodaya Vidyalaya Teliapokhar, Pakur-I, Jharkhand - 816106",RO-BHOPAL,BHOPAL,22,Teliapokhar
69543,"PM-SHRI Jawahar Navodaya Vidyalaya Benagoria, Dhanbad, Jharkhand - 828205",RO-BHOPAL,BHOPAL,22,BENAGORIA
69545,"PM-SHRI Jawahar Navodaya Vidyalaya Kolebira, Simdega, Jharkhand - 835211",RO-BHOPAL,BHOPAL,22,KOLEBIRA
69546,"PM-SHRI Jawahar Navodaya Vidyalaya Tambajore, Jamtara, Jharkhand - 815351",RO-BHOPAL,BHOPAL,22,TAMBAJORE
69554,"PM-SHRI Jawahar Navodaya Vidyalaya Langarkot, Palamu-II, Jharkhand - 822116",RO-BHOPAL,BHOPAL,22,LANGARKOT
69557,"PM-SHRI Jawahar Navodaya Vidyalaya Bagshisha, Pakur-II, Jharkhand - 816104",RO-BHOPAL,BHOPAL,22,BAGSHISHA
69569,"PM-SHRI Jawahar Navodaya Vidyalaya Katiya, Ramgarh, Jharkhand - 829119",RO-BHOPAL,BHOPAL,22,KATIYA
69570,"PM-SHRI Jawahar Navodaya Vidyalaya Jurdag, Khunti, Jharkhand - 835210",RO-BHOPAL,BHOPAL,22,JURDAG
72046,"PM-SHRI Jawahar Navodaya Vidyalaya Hardaurpur , Sitapur-II, Uttar Pradesh - 261141",RO-PUNE,PUNE,24,HARDAURPUR
74001,"PM-SHRI Jawahar Navodaya Vidyalaya Meja Khas, Prayagraj (Allahabad), Uttar Pradesh - 212302",RO-PUNE,PUNE,24,Meja khas
74002,"PM-SHRI Jawahar Navodaya Vidyalaya Afzalpur, Ambedkar Nagar, Uttar Pradesh - 224122",RO-PUNE,PUNE,24,AFZALPUR
74003,"PM-SHRI Jawahar Navodaya Vidyalaya Pachehari, Amethi, Uttar Pradesh - 227409",RO-PUNE,PUNE,24,PACHEHARI
74004,"PM-SHRI Jawahar Navodaya Vidyalaya Taiyyapur, Auraiya, Uttar Pradesh - 206244",RO-PUNE,PUNE,24,TAIYYAPUR
74005,"PM-SHRI Jawahar Navodaya Vidyalaya Jiyanpur, Azamgarh, Uttar Pradesh - 276140",RO-PUNE,PUNE,24,JIYANPUR
74006,"PM-SHRI Jawahar Navodaya Vidyalaya Kirtanpur, Bahraich, Uttar Pradesh - 271825",RO-PUNE,PUNE,24,KIRTANPUR
74007,"PM-SHRI Jawahar Navodaya Vidyalaya Sinhachwar, Ballia, Uttar Pradesh - 221701",RO-PUNE,PUNE,24,SINHACHWAR
74008,"PM-SHRI Jawahar Navodaya Vidyalaya Ghooghulpur, Balrampur, Uttar Pradesh - 271201",RO-PUNE,PUNE,24,GHOOGHULPUR
74009,"PM-SHRI Jawahar Navodaya Vidyalaya Durendi, Banda, Uttar Pradesh - 210001",RO-PUNE,PUNE,24,DURENDI
74010,"PM-SHRI Jawahar Navodaya Vidyalaya Sonikpur, Barabanki, Uttar Pradesh - 225126",RO-PUNE,PUNE,24,SONIKPUR
74011,"PM-SHRI Jawahar Navodaya Vidyalaya Bahadurpur, Basti, Uttar Pradesh - 272151",RO-PUNE,PUNE,24,BAHADURPUR
74012,"PM-SHRI Jawahar Navodaya Vidyalaya Bairath, Chandauli, Uttar Pradesh - 232107",RO-PUNE,PUNE,24,BAIRATH
74013,"PM-SHRI Jawahar Navodaya Vidyalaya Manikpur, Chitrakoot, Uttar Pradesh - 210208",RO-PUNE,PUNE,24,MANIKPUR
74014,"PM-SHRI Jawahar Navodaya Vidyalaya Mehada Purva, Deoria, Uttar Pradesh - 274001",RO-PUNE,PUNE,24,MEHADA PURVA
74015,"PM-SHRI Jawahar Navodaya Vidyalaya Samhon, Etawah, Uttar Pradesh - 206242",RO-PUNE,PUNE,24,SAMHON
74016,"PM-SHRI Jawahar Navodaya Vidyalaya Dabhasemar, Ayodhya (Faizabad), Uttar Pradesh - 224133",RO-PUNE,PUNE,24,DABHASEMAR
74017,"PM-SHRI Jawahar Navodaya Vidyalaya Rohilla, Farrukhabad, Uttar Pradesh - 209651",RO-PUNE,PUNE,24,ROHILLA
74018,"PM-SHRI Jawahar Navodaya Vidyalaya Sarkandi , Fatehpur, Uttar Pradesh - 212635",RO-PUNE,PUNE,24,SARKANDI
74019,"PM-SHRI Jawahar Navodaya Vidyalaya Near Police Line, Ghazipur, Uttar Pradesh - 233001",RO-PUNE,PUNE,24,NEAR POLICE LINE
74020,"PM-SHRI Jawahar Navodaya Vidyalaya Devoria, Gonda, Uttar Pradesh - 271302",RO-PUNE,PUNE,24,DEVORIA
74021,"PM-SHRI Jawahar Navodaya Vidyalaya Jangal Agahi, Gorakhpur, Uttar Pradesh - 273165",RO-PUNE,PUNE,24,JANGAL AGAHI
74022,"PM-SHRI Jawahar Navodaya Vidyalaya Rath, Hamirpur, Uttar Pradesh - 210431",RO-PUNE,PUNE,24,Rath
74023,"PM-SHRI Jawahar Navodaya Vidyalaya Itara, Hardoi, Uttar Pradesh - 241406",RO-PUNE,PUNE,24,ITARA
74024,"PM-SHRI Jawahar Navodaya Vidyalaya Sarsoki, Jalaun, Uttar Pradesh - 285001",RO-PUNE,PUNE,24,SARSOKI
74025,"PM-SHRI Jawahar Navodaya Vidyalaya Katghar, Jaunpur, Uttar Pradesh - 222161",RO-PUNE,PUNE,24,KATGHAR
74026,"PM-SHRI Jawahar Navodaya Vidyalaya Baruasagar, Jhansi, Uttar Pradesh - 284201",RO-PUNE,PUNE,24,BARUASAGAR
74027,"PM-SHRI Jawahar Navodaya Vidyalaya Anaugi, Kannauj, Uttar Pradesh - 209733",RO-PUNE,PUNE,24,Anaugi
74028,"PM-SHRI Jawahar Navodaya Vidyalaya Sarsaul, Kanpur Nagar, Uttar Pradesh - 209402",RO-PUNE,PUNE,24,SARSAUL
74029,"PM-SHRI Jawahar Navodaya Vidyalaya Jalalpur , Kanpur Dehat, Uttar Pradesh - 209311",RO-PUNE,PUNE,24,JALALPUR
74030,"PM-SHRI Jawahar Navodaya Vidyalaya Tewa, Kaushambi, Uttar Pradesh - 212207",RO-PUNE,PUNE,24,TEWA
74031,"PM-SHRI Jawahar Navodaya Vidyalaya Milki Rasulpur, Kushinagar, Uttar Pradesh - 274309",RO-PUNE,PUNE,24,MILKI RASULPUR
74032,"PM-SHRI Jawahar Navodaya Vidyalaya Mitauli, Lakhimpur Kheri, Uttar Pradesh - 262727",RO-PUNE,PUNE,24,MITAULI
74033,"PM-SHRI Jawahar Navodaya Vidyalaya Dailwara, Lalitpur, Uttar Pradesh - 284403",RO-PUNE,PUNE,24,DAILWARA
74034,"PM-SHRI Jawahar Navodaya Vidyalaya Piparsand, Lucknow, Uttar Pradesh - 226008",RO-PUNE,PUNE,24,PIPARSAND
74035,"PM-SHRI Jawahar Navodaya Vidyalaya Maharajganj, Maharajganj, Uttar Pradesh - 273303",RO-PUNE,PUNE,24,MAHARAJGANJ
74036,"PM-SHRI Jawahar Navodaya Vidyalaya Ramnagar, Mahoba, Mahoba, Uttar Pradesh - 210427",RO-PUNE,PUNE,24,"RAMNAGAR, MAHOBA"
74037,"PM-SHRI Jawahar Navodaya Vidyalaya Mahuar Kasara , Mau, Uttar Pradesh - 275102",RO-PUNE,PUNE,24,MAHUAR KASARA
74038,"PM-SHRI Jawahar Navodaya Vidyalaya Pateharakalan, Mirzapur, Uttar Pradesh - 231309",RO-PUNE,PUNE,24,PATEHARAKALAN
74039,"PM-SHRI Jawahar Navodaya Vidyalaya Narayanpur, Pratapgarh, Uttar Pradesh - 230144",RO-PUNE,PUNE,24,NARAYANPUR
74040,"PM-SHRI Jawahar Navodaya Vidyalaya Bawan Bujurg Balla, Raebareli, Uttar Pradesh - 229306",RO-PUNE,PUNE,24,BAWAN BUJURG BALLA
74041,"PM-SHRI Jawahar Navodaya Vidyalaya Jagdishpur Gaura, Sant Kabir Nagar, Uttar Pradesh - 272164",RO-PUNE,PUNE,24,JAGDISHPUR GAURA
74042,"PM-SHRI Jawahar Navodaya Vidyalaya Jorai, Bhadohi, Uttar Pradesh - 221304",RO-PUNE,PUNE,24,JORAI
74043,"PM-SHRI Jawahar Navodaya Vidyalaya Shamharpurwa, Shrawasti, Uttar Pradesh - 271831",RO-PUNE,PUNE,24,SHAMHARPURWA
74044,"PM-SHRI Jawahar Navodaya Vidyalaya Basantpur, Siddharthnagar, Uttar Pradesh - 272153",RO-PUNE,PUNE,24,BASANTPUR
74045,"PM-SHRI Jawahar Navodaya Vidyalaya Khairabad, Sitapur-I, Uttar Pradesh - 261131",RO-PUNE,PUNE,24,KHAIRABAD
74046,"PM-SHRI Jawahar Navodaya Vidyalaya Bahuar, Sonebhadra, Uttar Pradesh - 231216",RO-PUNE,PUNE,24,BAHUAR
74047,"PM-SHRI Jawahar Navodaya Vidyalaya Rajeevpuram, Unnao, Uttar Pradesh - 209871",RO-PUNE,PUNE,24,RAJEEVPURAM
74048,"PM-SHRI Jawahar Navodaya Vidyalaya Gajokhar, Varanasi, Uttar Pradesh - 221206",RO-PUNE,PUNE,24,GAJOKHAR
74200,"PM-SHRI Jawahar Navodaya Vidyalaya Pakarpur, Sultanpur, Uttar Pradesh - 228161",RO-PUNE,PUNE,24,PAKARPUR
79007,"PM-SHRI Jawahar Navodaya Vidyalaya Idukki, Idukki, Kerala - 685601",RO-HYDERABAD,HYDERABAD,11,Idukki
79008,"PM-SHRI Jawahar Navodaya Vidyalaya Neriamangalam, Ernakulam, Kerala - 686693",RO-HYDERABAD,HYDERABAD,11,NERIAMANGALAM
79009,"PM-SHRI Jawahar Navodaya Vidyalaya Kollamula, Pathanamthitta, Kerala - 686511",RO-HYDERABAD,HYDERABAD,11,KOLLAMULA
79010,"PM-SHRI Jawahar Navodaya Vidyalaya Palayad Nada, Kozhikode, Kerala - 673521",RO-HYDERABAD,HYDERABAD,11,PALAYAD NADA
79011,"PM-SHRI Jawahar Navodaya Vidyalaya Pullur Periye, Kasaragod, Kerala - 671320",RO-HYDERABAD,HYDERABAD,11,PULLUR PERIYE
79012,"PM-SHRI Jawahar Navodaya Vidyalaya Vijayapuram , Kottayam, Kerala - 686010",RO-HYDERABAD,HYDERABAD,11,VIJAYAPURAM
79013,"PM-SHRI Jawahar Navodaya Vidyalaya Mayannur, Thrissur, Kerala - 679105",RO-HYDERABAD,HYDERABAD,11,MAYANNUR
79014,"PM-SHRI Jawahar Navodaya Vidyalaya Malampuzha, Palakkad, Kerala - 678651",RO-HYDERABAD,HYDERABAD,11,MALAMPUZHA
79015,"PM-SHRI Jawahar Navodaya Vidyalaya Urakam, Malappuram, Kerala - 676519",RO-HYDERABAD,HYDERABAD,11,URAKAM
79016,"PM-SHRI Jawahar Navodaya Vidyalaya 11.560657, Kannur, Kerala - 670692",RO-HYDERABAD,HYDERABAD,11,11.560657
79017,"PM-SHRI Jawahar Navodaya Vidyalaya Chennithala, Alleppey, Kerala - 690105",RO-HYDERABAD,HYDERABAD,11,CHENNITHALA
79018,"PM-SHRI Jawahar Navodaya Vidyalaya Kottarakkara, Kollam, Kerala - 691531",RO-HYDERABAD,HYDERABAD,11,KOTTARAKKARA
79019,"PM-SHRI Jawahar Navodaya Vidyalaya Thenoor, Thiruvananthapuram, Kerala - 695551",RO-HYDERABAD,HYDERABAD,11,THENOOR
79020,"PM-SHRI Jawahar Navodaya Vidyalaya Kunnathidavaka, Wayanad, Kerala - 670645",RO-HYDERABAD,HYDERABAD,11,KUNNATHIDAVAKA
79901,"PM-SHRI Jawahar Navodaya Vidyalaya Minicoy, Lakshadweep (Minicoy), UT Lakshdweep - 682559",RO-HYDERABAD,HYDERABAD,30,MINICOY
84031,"PM-SHRI Jawahar Navodaya Vidyalaya - U S Nagar, Uttarakhand - 263153",RO-PUNE,PUNE,32,-
84032,"PM-SHRI Jawahar Navodaya Vidyalaya Pokhal , Tehri Garhwal, Uttarakhand - 249161",RO-PUNE,PUNE,32,POKHAL
84034,"PM-SHRI Jawahar Navodaya Vidyalaya Tauda,Tarikhet, Almora, Uttarakhand - 263663",RO-PUNE,PUNE,32,"TAUDA,TARIKHET"
84040,"PM-SHRI Jawahar Navodaya Vidyalaya Bansu, Jakhdhar, Rudraprayag, Uttarakhand - 246439",RO-PUNE,PUNE,32,"BANSU, JAKHDHAR"
84042,"PM-SHRI Jawahar Navodaya Vidyalaya Baghra, Muzaffarnagar, Uttar Pradesh - 251306",RO-PUNE,PUNE,24,BAGHRA
84043,"PM-SHRI Jawahar Navodaya Vidyalaya Dhungir, Uttarkashi, Uttarakhand - 249185",RO-PUNE,PUNE,32,DHUNGIR
84051,"PM-SHRI Jawahar Navodaya Vidyalaya Saindwar, Bijnore, Uttar Pradesh - 246725",RO-PUNE,PUNE,24,SAINDWAR
84052,"PM-SHRI Jawahar Navodaya Vidyalaya Roshnabad, Haridwar, Uttarakhand - 249403",RO-PUNE,PUNE,32,ROSHNABAD
84056,"PM-SHRI Jawahar Navodaya Vidyalaya Rasoolpur, Sambhal, Uttar Pradesh - 243722",RO-PUNE,PUNE,24,RASOOLPUR
84059,"PM-SHRI Jawahar Navodaya Vidyalaya Latoli, Champawat, Uttarakhand - 262523",RO-PUNE,PUNE,32,LATOLI
84062,"PM-SHRI Jawahar Navodaya Vidyalaya Baseda Taga, J P Nagar, Uttar Pradesh - 244501",RO-PUNE,PUNE,24,BASEDA TAGA
84064,"PM-SHRI Jawahar Navodaya Vidyalaya Mirzapur-Ambehta Chand , Saharanpur, Uttar Pradesh - 247451",RO-PUNE,PUNE,24,MIRZAPUR-AMBEHTA CHAND
84065,"PM-SHRI Jawahar Navodaya Vidyalaya Kalewala, Moradabad, Uttar Pradesh - 244601",RO-PUNE,PUNE,24,KALEWALA
84069,"PM-SHRI Jawahar Navodaya Vidyalaya Pipalkoti, Chamoli, Uttarakhand - 246472",RO-PUNE,PUNE,32,PIPALKOTI
84072,"PM-SHRI Jawahar Navodaya Vidyalaya Gangarkote, Nainital, Uttarakhand - 263135",RO-PUNE,PUNE,32,GANGARKOTE
84075,"PM-SHRI Jawahar Navodaya Vidyalaya Simar, Bageshwar, Uttarakhand - 263641",RO-PUNE,PUNE,32,SIMAR
84077,"PM-SHRI Jawahar Navodaya Vidyalaya Khairasain, Pauri Garhwal, Uttarakhand - 246172",RO-PUNE,PUNE,32,KHAIRASAIN
84078,"PM-SHRI Jawahar Navodaya Vidyalaya Marsolibhat, Pithoragarh, Uttarakhand - 262530",RO-PUNE,PUNE,32,MARSOLIBHAT
84082,"PM-SHRI Jawahar Navodaya Vidyalaya Shankarpur, Dehradun, Uttarakhand - 248197",RO-PUNE,PUNE,32,SHANKARPUR
84087,"PM-SHRI Jawahar Navodaya Vidyalaya Sikri, Badayun, Uttar Pradesh - 243632",RO-PUNE,PUNE,24,SIKRI
84088,"PM-SHRI Jawahar Navodaya Vidyalaya Kira, Rampur, Uttar Pradesh - 244901",RO-PUNE,PUNE,24,KIRA
854325,"PM-SHRI Jawahar Navodaya Vidyalaya Garhbanaili, Purnea, Bihar - 854325",RO-BHOPAL,BHOPAL,04,Garhbanaili
JNV-1162,"Jawahar Navodaya Vidyalaya Singbir, Shi Yomi, Ar. Pradesh - 791003",RO-PATNA,PATNA,02,Singbir
JNV-1163,"Jawahar Navodaya Vidyalaya Barduwar, Majuli, Assam - 785104",RO-PATNA,PATNA,03,Barduwar
JNV-1168,"Jawahar Navodaya Vidyalaya Heirok, Thoubal, Manipur - 795148",RO-PATNA,PATNA,14,HEIROK
JNV-1169,"Jawahar Navodaya Vidyalaya Thankhanphai, Kangpokpi-II, Manipur - 795118",RO-PATNA,PATNA,14,THANKHANPHAI
JNV-1170,"Jawahar Navodaya Vidyalaya Ghatao, Noney, Manipur - 795147",RO-PATNA,PATNA,14,Ghatao
JNV-1186,"Jawahar Navodaya Vidyalaya Korutla, Jagtial, Telangana - 505326",RO-HYDERABAD,HYDERABAD,34,KORUTLA
JNV-1187,"Jawahar Navodaya Vidyalaya Bandameedipally, Mahabubnagar (New), Telangana - 509001",RO-HYDERABAD,HYDERABAD,34,BANDAMEEDIPALLY
JNV-1188,"Jawahar Navodaya Vidyalaya Karakagudem, Bhadra Kothagudem, Telangana - 507117",RO-HYDERABAD,HYDERABAD,34,KARAKAGUDEM
JNV-1189,"Jawahar Navodaya Vidyalaya Keesara, Medachal- Malkajgiri, Telangana - 501301",RO-HYDERABAD,HYDERABAD,34,KEESARA
JNV-1190,"Jawahar Navodaya Vidyalaya Chakradhar Nagar Thanda P.O : Mallaram, Nizamabad (New), Telangana - 503003",RO-HYDERABAD,HYDERABAD,34,CHAKRADHAR NAGAR THANDA P.O : Mallaram
JNV-1191,"Jawahar Navodaya Vidyalaya Suryapet, Suryapet, Telangana - 508213",RO-HYDERABAD,HYDERABAD,34,SURYAPET
JNV-1307,"Jawahar Navodaya Vidyalaya Thingsen, Siaha, Mizoram - 796901",RO-PATNA,PATNA,16,THINGSEN
JNV-1336,"Jawahar Navodaya Vidyalaya Chitalmari, Sonitpur (New), Assam - 784110",RO-PATNA,PATNA,03,Chitalmari
JNV-1389,"Jawahar Navodaya Vidyalaya Jafffarpur Kalan , East Delhi, UT Delhi - 110073",RO-MUMBAI,MUMBAI,29,JAFFFARPUR KALAN
JNV-1390,"Jawahar Navodaya Vidyalaya Mungeshpur, Shahdara, UT Delhi - 110039",RO-MUMBAI,MUMBAI,29,MUNGESHPUR
JNV-1391,"Jawahar Navodaya Vidyalaya Bakhtawarpur, North Delhi, UT Delhi - 110036",RO-MUMBAI,MUMBAI,29,Bakhtawarpur
JNV-1432,"Jawahar Navodaya Vidyalaya North West Delhi (Mungeshpur), UT Delhi- 110039",RO-MUMBAI,MUMBAI,29,
JNV-1440,"Jawahar Navodaya Vidyalaya Hariandab, Kamrup (Metro), Assam - 781365",RO-PATNA,PATNA,03,HARIANDAB
JNV-BHOPAL,Jawahar Navodaya Vidyalaya Bhopal,RO-BHOPAL,,12,
JNV-BHUBANESWAR,Jawahar Navodaya Vidyalaya Bhubaneswar,RO-BHUBANESWAR,,18,
JNV-CHANDIGARH,Jawahar Navodaya Vidyalaya Chandigarh,RO-CHANDIGARH,,27,
JNV-HYDERABAD,Jawahar Navodaya Vidyalaya Hyderabad,RO-HYDERABAD,,34,
JNV-JAIPUR,Jawahar Navodaya Vidyalaya Jaipur,RO-JAIPUR,,20,
JNV-LUCKNOW,Jawahar Navodaya Vidyalaya Lucknow,RO-LUCKNOW,,24,
JNV-MUMBAI,Jawahar Navodaya Vidyalaya Mumbai,RO-MUMBAI,,13,
JNV-PATNA,Jawahar Navodaya Vidyalaya Patna,RO-PATNA,,04,
JNV-PUNE,Jawahar Navodaya Vidyalaya Pune,RO-PUNE,,13,
JNV-SHILLONG,Jawahar Navodaya Vidyalaya Shillong,RO-SHILLONG,,15,
